promoter	protein	is_enhancer	is_promoter	is_intermediate	X-graph-coord	Y-graph-coord	degree	expression_log2FoldChange	expression_padj	SNP-binding	Betweenness_global	Degree_global	Betweenness_in_cluster	Betweenness_out_cluster	Betweenness_enrichment	Degree_in_cluster	Degree_out_cluster	Degree_enrichment	Betweenness_enrichment_pval	Degree_enrichment_pval	fisher_test_OR	fisher_test_pval
GOT1	ENHA_SNAI2	True	False	False	1.1333333333333335	0.5021739130434781	2	-7.39045172449115	2.3935402877077702e-54	False											0.350476855337013	1.71657518162851e-33
GOT1	ENHA_STAT1	True	False	False	1.1666666666666667	0.6695652173913043	16	-4.62037343801228	3.18474888731901e-209	False											0.5761274746721955	1.699354228784705e-10
GOT1	ENHA_CREB3	True	False	False	1.1666666666666667	-0.9804347826086958	5	-0.516914670231998	1.4887370470277e-06	False											0.629501557073526	0.0595934294755693
GOT1	ENHA_NR2F1	True	False	False	1.1333333333333335	0.2152173913043478	1	2.15204275920652	0.261152651338228	False											0.389988106954338	2.97820703826395e-26
GOT1	ENHA_RREB1	True	False	False	1.1666666666666667	0.3826086956521739	9	-0.0735253190793003	0.467070376592638	False											0.443418258187528	5.66889476148768e-21
GOT1	ENHA_JUN	True	False	False	1.1666666666666667	-0.4065217391304349	141	1.11265479843166	9.128250855418809e-40	False											0.612621906909059	0.0003765839771696
GOT1	ENHA_KLF4	True	False	False	1.1333333333333335	-0.28695652173913055	16	-4.0236383329462	1.2985292682091302e-211	False											0.25646086433119253	7.088306525024601e-52
GOT1	ENHA_TP53	True	False	False	1.1333333333333335	0.8608695652173912	83	0.19430270080352	0.0080827699159202	False											0.795726454158749	0.0208605409361299
GOT1	ENHA_TFAP2C	True	False	False	1.1666666666666667	0.8130434782608695	7	-0.853382865494771	5.1225313213023e-10	False											0.363830249534717	1.31809872231022e-27
GOT1	ENHA_IRF7	True	False	False	1.1	-0.45434782608695656	18	-3.83408099935248	6.50427053228451e-298	False											0.765012660568836	0.0076912566238331
GOT1	ENHA_CLOCK	True	False	False	1.1	-1.0282608695652176	5	-1.04774665164378	1.61282064181663e-22	False											0.538223863340929	2.74606802644472e-05
GOT1	ENHA_HES1	True	False	False	1.1666666666666667	-0.6217391304347827	2	-3.39534238338495	1.54205368948807e-57	False											0.4233842374144285	1.9367761077880555e-08
GOT1	ENHA_NFATC4	True	False	False	1.1	0.047826086956521685	4	-0.710503498140033	0.0854050478704199	False											0.5245135560132914	2.9688803134267794e-06
GOT1	ENHA_MAZ	True	False	False	1.1666666666666667	-0.11956521739130443	3	1.17636897308062	2.95636464524114e-88	False											0.31848532981287	2.54150304035462e-31
GOT1	ENHA_SREBF1	True	False	False	1.1333333333333335	0.6456521739130434	15	2.33049101833238	6.57549062582311e-219	False											0.519441199775806	1.00271769977226e-07
GOT1	ENHA_KLF2	True	False	False	1.1	-0.3108695652173914	4	2.91214006178269	1.1394009815664e-06	False											0.239268444985475	3.61013300460417e-45
GOT1	ENHA_ATF3	True	False	False	1.1333333333333335	-1.0760869565217392	14	-0.363412288333933	0.0004899812137875	False											0.635669961351983	0.0016399730260734501
GOT1	ENHA_EGR1	True	False	False	1.1666666666666667	-0.8369565217391305	13	-3.04567725393117	0.0	False											0.286289787872048	3.39810978074402e-32
GOT1	ENHA_FOSL2	True	False	False	1.1	-0.8130434782608696	3	-3.0226820248758	1.8258994682084e-290	False											0.754930711844499	0.121339969026271
GOT1	ENHA_ZNF740	True	False	False	1.1666666666666667	1.1	2	0.193961958381287	0.0628387066614002	False											0.282989659900806	3.0154691097943194e-42
GOT1	ENHA_FOXO3	True	False	False	1.1666666666666667	-0.6934782608695653	13	1.24156433831413	4.17412683231984e-59	False											0.656401078484544	0.0001107798246278
GOT1	ENHA_MNT	True	False	False	1.1666666666666667	-0.047826086956521685	1	1.33473747373846	2.7998515649487704e-25	False											0.533450167071227	3.73474796129885e-05
GOT1	ENHA_KLF5	True	False	False	1.1666666666666667	-0.2630434782608696	22	-5.67652439532414	1.21080876011697e-253	False											0.22589618037144799	1.506577806181645e-60
GOT1	ENHA_NFYA	True	False	False	1.1	0.11956521739130421	8	-0.0915135849268477	0.47203848786843	False											0.46009675498651503	4.808191821119355e-11
GOT1	ENHA_RBPJ	True	False	False	1.1	0.33478260869565224	16	0.115047690168036	0.250723186308428	False											0.5260535250494085	6.795252988002784e-08
GOT1	ENHA_SOX4	True	False	False	1.1	0.55	3	1.48397070715163	3.93966068172735e-73	False											0.611528692029429	9.1062609998176e-08
GOT1	ENHA_FOXP1	True	False	False	1.1	-0.6695652173913045	3	1.23058638748909	9.34625524205785e-17	False											0.586152075810004	5.62110287185171e-10
GOT1	ENHA_HSF2	True	False	False	1.1666666666666667	-0.4782608695652175	4	-0.687172691423652	0.0004880472404334	False											0.7048597357299244	0.23230585516446373
GOT1	ENHA_REST	True	False	False	1.1333333333333335	0.3586956521739131	18	-0.26340778686432	0.01034300165799	False											0.440809550691958	2.62234456332511e-21
GOT1	ENHA_ATF2	True	False	False	1.1	-1.1	50	-1.17700877218428	6.62215113985468e-25	False											0.4984263515133685	4.76382476447715e-10
GOT1	ENHA_E2F3	True	False	False	1.1666666666666667	-0.9086956521739131	5	-0.179387854307953	0.205499793628424	False											0.448024376623004	0.0026747207387148
GOT1	ENHA_TP73	True	False	False	1.1666666666666667	0.8847826086956521	16	0.984521247569377	0.0018736401375279	False											0.525697599443835	1.3808850931204602e-07
GOT1	ENHA_TBX3	True	False	False	1.1333333333333335	0.7173913043478262	3	4.85416731525128	0.0	False											0.444768291743538	9.10468277487345e-07
GOT1	ENHA_RUNX2	True	False	False	1.1333333333333335	0.4304347826086956	9	-0.861166876706292	0.0007117547549995	False											0.491855787475284	8.72834108638729e-14
GOT1	ENHA_TWIST1	True	False	False	1.1	0.9086956521739129	8	0.152160574972577	0.616322400300272	False											0.5321374902392599	5.1337719651702934e-08
GOT1	ENHA_SP4	True	False	False	1.1	0.6217391304347826	3	-0.817158610473196	7.14173690207365e-06	False											0.224962981899917	6.73036611713427e-44
GOT1	ENHA_MYC	True	False	False	1.1666666666666667	0.023913043478260843	58	0.678826795642739	2.0942350848026002e-26	False											0.499505361699804	1.8780846258581748e-07
GOT1	ENHA_TFAP2A	True	False	False	1.1333333333333335	0.7891304347826087	19	-3.2635472309405	5.28479283829799e-135	False											0.339273921255733	4.93898609178035e-35
GOT1	ENHA_HEY1	True	False	False	1.1	-0.5978260869565218	2	0.945706919884545	0.333707818802522	False											0.532463536634308	0.012009123112339317
GOT1	ENHA_E2F6	True	False	False	1.1	-0.8847826086956523	17	-0.254228650675088	0.250420646955463	False											0.412974525885987	7.993031067542649e-18
GOT1	ENHA_KLF10	True	False	False	1.1333333333333335	-0.3586956521739131	3	-1.93024821190597	1.00083757814832e-81	False											0.217398162118711	7.8970641701417e-44
GOT1	ENHA_YY1	True	False	False	1.1333333333333335	1.0043478260869567	58	-0.538679781895407	1.62040735838636e-12	False											0.479826918637338	5.138543018484209e-13
GOT1	ENHA_PRDM1	True	False	False	1.1333333333333335	0.28695652173913033	3	-6.53099636690485	2.85150155789745e-13	False											0.559429805506281	3.5221164903294194e-11
GOT1	ENHA_NFYB	True	False	False	1.1333333333333335	0.14347826086956506	4	-0.98479218253161	7.82346285682545e-14	False											0.547984546681598	1.118072947458871e-08
GOT1	ENHA_MAFF	True	False	False	1.1333333333333335	-0.21521739130434792	2	-3.94555062689959	1.6631636843655799e-103	False											1.09326184438715	0.59874084629409
GOT1	ENHA_ZNF148	True	False	False	1.1	1.0521739130434784	6	-0.834924716402328	2.2398601186884702e-14	False											0.190457567558797	2.573923162751505e-59
GOT1	ENHA_KLF6	True	False	False	1.1	-0.23913043478260876	1	-3.57376949918831	9.94736614463194e-290	False											0.594298961783819	0.246949894887211
GOT1	ENHA_FOXK1	True	False	False	1.1666666666666667	-0.7652173913043478	9	0.574039276976994	4.44166865271061e-09	False											0.696852828529056	0.0019873521391032
GOT1	ENHA_USF2	True	False	False	1.1333333333333335	0.9326086956521737	4	1.05894712497317	3.42859503696686e-32	False											0.496233685375079	1.7968395706705169e-12
GOT1	ENHA_MGA	True	False	False	1.1	-0.09565217391304359	2	-0.885909347777291	1.2751518779619201e-15	False											0.38193504392082	6.703843703129238e-17
GOT1	ENHA_CREB1	True	False	False	1.1333333333333335	-1.0043478260869567	45	-0.600232504411478	4.5967343029176706e-09	False											0.456535919342252	5.874980747805551e-17
GOT1	ENHA_CREB3L1	True	False	False	1.1	-0.9565217391304348	1	1.67464350166631	0.0826521004255046	False											0.338662866616025	8.38590247204853e-08
GOT1	ENHA_TCF3	True	False	False	1.1666666666666667	0.741304347826087	13	-0.618416770768274	3.12037583302014e-13	False											0.31350172566602	4.42822848950411e-40
GOT1	ENHA_STAT3	True	False	False	1.1	0.6934782608695651	13	-0.13163942522722	0.0914843663541713	False											0.549187899892334	4.81893762246386e-10
GOT1	ENHA_SP3	True	False	False	1.1666666666666667	0.5978260869565217	1	-0.775224946273101	3.1953368976117602e-21	False											0.285779015101877	1.07202963933934e-41
GOT1	ENHA_PRDM4	True	False	False	1.1666666666666667	0.3108695652173912	1	-1.11032437821805	2.54671140550143e-21	False											0.611496528056667	2.07638180136246e-07
GOT1	ENHA_XBP1	True	False	False	1.1	0.9804347826086954	3	-0.307952353296411	3.27695094655153e-07	False											0.693111411307484	0.220128923151836
GOT1	ENHA_HOXB9	True	False	False	1.1	-0.5260869565217392	3	-0.252441620285937	0.515819172129255	False											0.893131330360434	0.569571531046421
GOT1	ENHA_NR2C1	True	False	False	1.1666666666666667	0.16739130434782612	4	-0.0506767330496537	0.792328041497245	False											0.482328766085872	5.5166500270608975e-11
GOT1	ENHA_FOXN3	True	False	False	1.1333333333333335	-0.7173913043478262	1	0.974287169562485	1.97076607657578e-17	False											0.766654933490764	0.140475068580973
GOT1	ENHA_ZEB1	True	False	False	1.1666666666666667	1.0282608695652176	4	-0.292547712357605	0.878084518955477	False											0.373543283311894	9.544964063759005e-29
GOT1	ENHA_JUNB	True	False	False	1.1	-0.3826086956521739	9	-2.09178732845927	2.5118998110314602e-87	False											0.609441247770342	2.22491249648838e-07
GOT1	ENHA_SNAI1	True	False	False	1.1	0.4782608695652173	21	0.302473665797371	0.690792742031882	False											0.399307281990945	1.26713175316566e-24
GOT1	ENHA_MAFK	True	False	False	1.1	-0.16739130434782612	2	0.564777982067179	2.74057634209247e-08	False											0.870511711872682	0.482330880731878
GOT1	ENHA_RUNX1	True	False	False	1.1	0.40652173913043477	21	-7.10728215556884	2.90214473570301e-87	False											0.628145143476848	0.0001270922246782
GOT1	ENHA_EBF3	True	False	False	1.1333333333333335	-0.8608695652173914	1	8.53327243505933	7.20678671088827e-08	False											0.910625814441528	1.0
GOT1	ENHA_ZNF274	True	False	False	1.1333333333333335	1.0760869565217392	1	-0.641416851887977	6.94739766427773e-08	False											0.402235597444716	1.2061840238439e-11
GOT1	ENHA_ATF6	True	False	False	1.1666666666666667	-1.0521739130434784	7	-0.986086705319257	9.6740881990731e-29	False											0.736661318043908	0.143325453969449
GOT1	ENHA_PBX2	True	False	False	1.1	0.2630434782608695	1	0.0108784421307743	0.927722010391981	False											0.927486955065279	0.587849223929435
GOT1	ENHA_KLF11	True	False	False	1.1666666666666667	-0.33478260869565224	3	-0.441334750720284	0.0038049154602967	False											0.256287963658427	2.36596743032617e-31
GOT1	ENHA_NFIB	True	False	False	1.1333333333333335	0.07173913043478253	2	-0.456247574244742	5.1950932621203e-05	False											0.5416846299354675	0.00017223110095275
GOT1	ENHA_MYB	True	False	False	1.1333333333333335	0.0	9	-2.37830081095658	6.25075955829769e-06	False											0.559105491146355	1.03294013557859e-06
GOT1	ENHA_NR4A2	True	False	False	1.1666666666666667	0.23913043478260865	2	0.0294709005446628	0.972820468473888	False											0.4992286854306975	5.21166058688568e-05
GOT1	ENHA_MAFG	True	False	False	1.1666666666666667	-0.19130434782608696	4	-0.719696590260469	9.811558121276439e-11	False											0.9370467896898785	0.768420929345234
GOT1	ENHA_JDP2	True	False	False	1.1333333333333335	-0.4304347826086957	2	-0.440866533589643	0.0002382631203851	False											0.7215197149044601	0.41184418403044126
GOT1	ENHA_MAX	True	False	False	1.1333333333333335	-0.14347826086956528	17	0.371354138784978	0.0003333213229736	False											0.621620296824765	1.94527680556256e-07
GOT1	ENHA_HIC2	True	False	False	1.1333333333333335	-0.5739130434782609	1	-0.742373387918475	0.0050959680607574	False											0.369080694451183	8.0599880054944405e-25
GOT1	ENHA_FOXA1	True	False	False	1.1333333333333335	-0.7891304347826088	10	5.7014164002563	0.0	False											0.6984724520860004	0.01776745030358515
GOT1	ENHA_FOXK2	True	False	False	1.1	-0.741304347826087	15	-0.810549760351143	8.7594450497324e-24	False											0.691563312824991	0.0019171609329823
GOT1	ENHA_GABPA	True	False	False	1.1333333333333335	-0.6456521739130435	5	1.45005565467442	2.0852722753028797e-36	False											0.400733089610633	2.5527884978592202e-24
GOT1	ENHA_NR2C2	True	False	False	1.1	0.19130434782608696	4	1.21967989309265	1.37592237798234e-17	False											0.3913934744707315	1.784596861777755e-20
GOT1	ENHA_NFIC	True	False	False	1.1666666666666667	0.09565217391304337	3	1.96587754562413	4.1547395769726297e-128	False											0.427659152968685	0.0003225975289177
GOT1	ENHA_SP1	True	False	False	1.1333333333333335	0.5739130434782609	23	-0.733707104214519	4.5131323926585794e-18	False											0.188724049495023	1.9810379236063102e-76
GOT1	ENHA_MXI1	True	False	False	1.1	-0.023913043478260843	3	1.26483963834969	3.33107882665162e-25	False											0.542422906317142	1.1451449886523299e-11
GOT1	ENHA_MLX	True	False	False	1.1333333333333335	-0.07173913043478275	3	0.96612476772034	2.48184109236591e-19	False											0.591501736520841	0.0071201187598285
GOT1	ENHA_TCF4	True	False	False	1.1	0.7652173913043478	30	-0.234793954519332	0.642460693171194	False											0.333644834418901	5.1994957550960994e-34
GOT1	ENHA_VDR	True	False	False	1.1666666666666667	0.9565217391304346	11	-1.31491948990578	3.43338619897588e-16	False											0.462974075924044	7.45525777613714e-14
GOT1	ENHA_CREM	True	False	False	1.1333333333333335	-0.932608695652174	2	0.0460645354169299	0.827488635152086	False											0.528139700164165	3.77495062165885e-07
GOT1	ENHA_TFE3	True	False	False	1.1	0.8369565217391304	2	-0.382609007988238	3.35120548937758e-05	False											1.0062731075058924	0.938350415592362
GOT1	ENHA_SIX1	True	False	False	1.1666666666666667	0.45434782608695645	2	-2.10531185326911	2.8941233227892204e-15	False											0.5948584852935055	0.04253814619721223
GOT1	ENHA_HSF1	True	False	False	1.1333333333333335	-0.5021739130434784	24	-0.517612617299572	3.01218728661796e-10	False											0.5974800646616125	6.213892426386504e-05
GOT1	ENHA_HOXA10	True	False	False	1.1666666666666667	-0.55	1	-0.433970381696337	0.0578570889708571	False											0.747061323139917	0.0076176968163853
GOT1	ENHA_SOX10	True	False	False	1.1666666666666667	0.526086956521739	2	4.926140559533	0.0555168687939408	False											0.4914831196428575	9.19367261694887e-11
GOT1	PROM_TFAP2A	False	True	False	-1.1	0.7857142857142856	18	-3.2635472309405	5.28479283829799e-135	False											0.411951305186326	4.6606041770818706e-21
GOT1	PROM_EGR1	False	True	False	-1.1666666666666667	-0.8904761904761905	22	-3.04567725393117	0.0	False											0.41075479409286497	3.741296793837905e-21
GOT1	PROM_NFIB	False	True	False	-1.1	-0.15714285714285725	6	-0.456247574244742	5.1950932621203e-05	False											0.5385709931365781	0.0002173567749707
GOT1	PROM_KLF5	False	True	False	-1.1666666666666667	-0.261904761904762	26	-5.67652439532414	1.21080876011697e-253	False											0.32401051427543104	5.895303051803119e-34
GOT1	PROM_ATF4	False	True	False	-1.1	-1.1	20	0.978806570040113	1.10319700416947e-82	False											0.6637526097050701	0.3310661297358155
GOT1	PROM_KLF2	False	True	False	-1.1	-0.47142857142857153	6	2.91214006178269	1.1394009815664e-06	False											0.33700366557929395	8.699811006214005e-28
GOT1	PROM_SNAI2	False	True	False	-1.1333333333333335	0.5761904761904761	1	-7.39045172449115	2.3935402877077702e-54	False											0.84104634329533	0.195453833915445
GOT1	PROM_NRF1	False	True	False	-1.1	0.15714285714285703	8	0.574993565944285	8.28850880542686e-05	False											0.42854087576996946	8.095478987560078e-16
GOT1	PROM_NFYA	False	True	False	-1.1666666666666667	0.05238095238095242	16	-0.0915135849268477	0.47203848786843	False											0.7114665385655385	0.0228385256839594
GOT1	PROM_RELA	False	True	False	-1.1	0.4714285714285713	93	-0.0830794465946176	0.417800025186821	False											1.09516217247893	0.36701894959155
GOT1	PROM_KLF4	False	True	False	-1.1333333333333335	-0.3666666666666667	10	-4.0236383329462	1.2985292682091302e-211	False											0.401095741145911	6.516201943755086e-25
GOT1	PROM_ZNF148	False	True	False	-1.1666666666666667	0.9952380952380953	7	-0.834924716402328	2.2398601186884702e-14	False											0.301262523741148	8.554911626182e-43
GOT1	PROM_JUN	False	True	False	-1.1333333333333335	-0.680952380952381	100	1.11265479843166	9.128250855418809e-40	False											0.9792954965882126	0.8059280751843285
GOT1	PROM_E2F6	False	True	False	-1.1333333333333335	-0.9952380952380954	15	-0.254228650675088	0.250420646955463	False											0.339020148948255	5.04251183310078e-20
GOT1	PROM_ZNF460	False	True	False	-1.1	1.1	1	1.21538597859962	5.59628789323162e-05	False											0.199387907546449	4.5854998096260506e-68
GOT1	PROM_SP3	False	True	False	-1.1666666666666667	0.680952380952381	3	-0.775224946273101	3.1953368976117602e-21	False											0.375242407694225	1.12192031996785e-29
GOT1	PROM_NFKB1	False	True	False	-1.1333333333333335	-0.05238095238095242	42	-1.14746090520674	3.71257051919243e-33	False											0.6572548659496069	2.8380152111448e-05
GOT1	PROM_HIF1A	False	True	False	-1.1	-0.7857142857142858	55	-2.80152827356753	0.0	False											0.954235287030566	0.372503232786401
GOT1	PROM_PRDM4	False	True	False	-1.1666666666666667	0.3666666666666667	1	-1.11032437821805	2.54671140550143e-21	False											1.22537219958356	0.391983448031961
GOT1	PROM_TFAP2C	False	True	False	-1.1333333333333335	0.8904761904761904	10	-0.853382865494771	5.1225313213023e-10	False											0.42123919321209147	1.7411138636828504e-21
GOT1	PROM_KLF15	False	True	False	-1.1666666666666667	-0.5761904761904763	6	4.1833301961753	7.76478681528587e-34	False											0.440724259395351	6.729795341856701e-17
GOT1	PROM_PLAG1	False	True	False	-1.1333333333333335	0.26190476190476186	2	-6.54340952873669	2.50212753156315e-17	False											0.5464895011442245	5.776615996726979e-07
GOT1	IKBKB	False	False	True	0.9548081582447865	-0.34272895646755214	6	0.0062955274502101	0.966402973513719	False	0.0023072437429525	0.0142058686539357	0.0012428961123776	0.0012098741748681	1.02729369565482	0.0154504773245712	0.0155133909255653	0.99594456161803	0.315	0.548	0.41869373055146	7.30867523434702e-24
GOT1	GPS2	False	False	True	0.5751222404354895	0.7578573823938971	3	1.82961707516061	8.263059260338179e-124	False	9.35348370386371e-05	0.0032603632976245	0.000434100327512	0.0004487982441391	0.967250503273933	0.0091042887011056	0.0071790641268208	1.26817208208132	0.243	0.028	0.770909614989432	0.362678290303549
GOT1	BTRC	False	False	True	-0.47028002360759075	-0.6921392601096239	9	-0.547261262632256	0.0007390593288464	False	0.005626263563063	0.0204937121564974	0.0057921222432983	0.0062094128016899	0.932797098257335	0.0296391663236159	0.0307810200339556	0.962903967799637	0.953	0.971	0.81140856806062	0.0265354554930224
GOT1	CRK	False	False	True	-0.9121415403699158	0.4261222785161821	3	-0.721180287495606	2.4939474521606003e-18	False	0.0043677263594375	0.0179319981369353	0.0019625002375975	0.0011784704556809	1.66529438912714	0.0121940138182322	0.0092631821893978	1.3163957664774	0.0	0.0	0.505873381710689	1.22466541088478e-13
GOT1	H2AFX	False	False	True	0.8875150432028518	-0.5069077746042602	2	0.981006817050271	1.6923540385873002e-24	False	0.006128463845158	0.0249184909175594	0.0004597253861025	0.0001717155978891	2.67724884491415	0.0099554512565415	0.006229450240966	1.59812678028512	0.0	0.0	0.391075359338184	0.0064500022851996
GOT1	GSK3B	False	False	True	-0.5342159125813892	-0.12733780088941335	15	0.0399317826177692	0.626089063761022	False	0.0052931514382885	0.0160689333954355	0.0107136862611268	0.013661337118691	0.784234088365236	0.0257054755624441	0.030438266766337	0.844511803506265	1.0	1.0	0.544688211719536	2.14292650886203e-09
GOT1	MAX	False	False	True	-0.5488273052951528	0.18578812261299144	12	0.371354138784978	0.0003333213229736	False	0.0029723511555647	0.0142058686539357	0.0069627210131675	0.0060436187009138	1.15207814353258	0.0261120640649694	0.0261049487232759	1.00027256677532	0.009	0.516	0.555021607828396	2.79443874518147e-11
GOT1	HSP90AA1	False	False	True	0.3371543151359613	-0.6919070386965683	9	1.28375429954906	6.27318172682767e-147	False	0.0104399882224197	0.0298090358639963	0.0017648535940062	0.0014355258806019	1.22941259217576	0.019146804156265	0.0178215216273654	1.07436416242172	0.0	0.0	0.558271828631494	1.1953055975681e-10
GOT1	FOS	False	False	True	-0.18358628876979008	-0.7074682389469229	15	0.498702747190724	0.0001190838470953	False	0.0043520834177215	0.0165346995808104	0.0079256796400194	0.0075796696186695	1.04564974975923	0.0275221056699875	0.0279661029371519	0.984123734788427	0.163	0.791	0.479076714479883	6.400169654991561e-15
GOT1	RYBP	False	False	True	0.985035020529132	-0.02466863782003899	5	-0.651380318582725	1.0365187619093e-10	False	0.0014193751151679	0.0076851420586865	0.0014391012115726	0.0009747030125774	1.47645097327357	0.0144761636955851	0.0124545115062769	1.16232288101298	0.0	0.0	0.55858092829374	2.0815678527673197e-11
GOT1	FUS	False	False	True	0.3894289418490629	0.9194188766316933	2	-0.424343343328621	5.60464005694987e-09	False	0.0010487463796063	0.0095482068001863	0.0014265016507185	0.0014642489965632	0.974220678359192	0.0127946188489012	0.0106394339042435	1.20256575340894	0.159	0.002	0.780971251892587	0.0365068342981337
GOT1	CREBZF	False	False	True	-0.629212889297439	0.6433841875315668	2	0.256966541980635	0.0072315840254642	False	1.7794481229361e-05	0.0013972985561248	0.0004401346101334	0.0002443535852224	1.8012201856287	0.012038228350253	0.0066254332351092	1.81697225269141	0.111	0.009	0.98214018851436	1.0
GOT1	TRIP4	False	False	True	0.5406415676098225	0.8728964806385976	5	-1.04682012589875	2.5196856303164197e-11	False	4.44690164184507e-05	0.0025617140195621	0.0006236592839374	0.0005438831225181	1.14667886925773	0.013548085919511	0.0111886122041758	1.21088171368158	0.135	0.0	0.631000888819647	9.72514095592355e-06
GOT1	CTNNB1	False	False	True	0.509059389053935	0.40791765756301723	13	-0.468896151312309	1.7860692840245302e-14	False	0.0131809401522386	0.0353982300884956	0.0076816183973567	0.0093943646372844	0.81768365333296	0.0299694646542593	0.033891233232867	0.884283686236459	1.0	1.0	0.448640313310621	6.53382266090443e-12
GOT1	YAP1	False	False	True	-0.9693286777242223	-0.01937087737201597	5	-1.29085836198424	4.68728755501039e-80	False	0.0009714466916317	0.0093153237074988	0.0042903520898267	0.0031119649741295	1.37866336076833	0.0173119359903002	0.0160073414154664	1.08149976569959	0.0	0.005	0.443573572344066	4.6240754771884004e-21
GOT1	CSNK2B	False	False	True	0.6849056884291156	-0.6695287656356423	3	-3.53625717582255	1.55025343591385e-41	False	0.0012052958839649	0.0102468560782487	0.0011182551724018	0.0005274843601557	2.11997787398215	0.0105981879852847	0.0081297776288441	1.30362581476801	0.0	0.0	0.479516401956106	7.80970718909113e-07
GOT1	TRIM33	False	False	True	0.8930415880442112	-0.44195931137627653	4	-0.513971394212559	6.97749159194819e-07	False	0.0007546515551505	0.0053563111318118	0.0011517879557891	0.0008612382904778	1.33736268872828	0.0111262170903935	0.0090053136414331	1.23551688851816	0.038	0.0	0.528731734075675	1.96192097520297e-07
GOT1	TSC22D3	False	False	True	-0.846720818532092	0.6074608886031362	2	0.172287167946031	0.0719634990723404	False	0.0002450870237402	0.0020959478341872	0.0005170323376092	0.0003127013133668	1.65343833079041	0.0124784128680395	0.0099740044081182	1.25109357861149	0.0	0.0	0.878748637675826	0.259354125295951
GOT1	STUB1	False	False	True	-0.9300021339735356	-0.13571738571477077	4	1.40899921486815	4.87807754956418e-75	False	0.0043225537171561	0.0179319981369353	0.0049531624814065	0.004768506199856	1.03872413577989	0.0214923888375673	0.0216590940819333	0.992303221744391	0.305	0.614	1.37355303157273	0.0002172789572765
GOT1	NCOR2	False	False	True	0.010417441425317803	0.33202421149950795	12	0.571475425858465	1.41773060836332e-19	False	0.0017252291936626	0.0132743362831858	0.0160169755523323	0.0156974100861585	1.02035784657595	0.0446245382339829	0.0494863877885371	0.901753799947378	0.275	1.0	0.666169643572594	0.0142597800271462
GOT1	NPM1	False	False	True	-0.874657892331993	-0.41252971039041636	6	0.746074312852762	1.9259122991752e-34	False	0.0130915021023012	0.0344666977177457	0.0048738185763244	0.005014648101257	0.97191636938645	0.0266857281953455	0.029285551737408	0.911225044848938	0.71	1.0	0.566720704997518	1.40821519136804e-07
GOT1	COMMD6	False	False	True	0.9040452301551133	-0.1941561310840423	5	0.0739406438214076	0.638029340552308	False	2.35263265151019e-05	0.0023288309268747	0.0008549450220687	0.0006309042255125	1.35511062931012	0.0173871021457508	0.0155486297078149	1.11824015829587	0.0	0.0	0.343319532036931	3.43251906955888e-34
GOT1	JUNB	False	False	True	-0.575972372632637	0.6888837754394745	6	-2.09178732845927	2.5118998110314602e-87	False	0.00062490996406	0.0060549604098742	0.0006372296080538	0.0004985174830232	1.27824926859009	0.0149797283695782	0.0121324655743108	1.23468130017167	0.019	0.0	0.477505840052623	1.92272187936397e-16
GOT1	MAPK9	False	False	True	-0.7219274782015208	0.6743961676044169	3	-0.285276964945664	0.0068741391261184	False	0.0012932442465678	0.0086166744294364	0.0011028599719249	0.0008773153920389	1.25708494565666	0.0163284641409578	0.0149293380744822	1.0937165505594	0.0	0.009	1.21809462247481	0.0345826694221249
GOT1	POU2F1	False	False	True	0.8839979447844032	-0.33683513120136394	4	-0.0730220925286118	0.627787826626805	False	0.0007839568830196	0.0048905449464368	0.0053575670835759	0.0078800121682959	0.679893250055033	0.0176164577988919	0.0200214808596627	0.879877863299502	1.0	1.0	0.364249596154931	9.100116381307929e-29
GOT1	YY1	False	False	True	-0.6764892532665119	0.6911690309604127	4	-0.538679781895407	1.62040735838636e-12	False	0.0038875893366945	0.0146716348393107	0.0023230898697644	0.0018908488187123	1.22859630382634	0.0209537871283384	0.0204820932289357	1.02302957486476	0.003	0.174	0.648136685596467	5.41212970559566e-07
GOT1	ABL1	False	False	True	0.9633978294906334	0.1215542657280261	4	-0.496443703023172	3.6062977281839604e-09	False	0.0056171918123092	0.0223567768979972	0.0006856801544971	0.0005527071958281	1.24058481538271	0.0099883191820126	0.0085678658299411	1.16578846824464	0.142	0.02	1.05783617819357	0.744489880087633
GOT1	RFWD2	False	False	True	0.17336073732685348	0.9488055267251994	5	-0.800344061160652	1.14888910924562e-09	False	0.0010893745664862	0.0067536096879366	0.0036060258904045	0.0027298948462846	1.32093948428537	0.0210904060164153	0.0179702830062262	1.17362681539896	0.001	0.0	0.943957517923067	0.548289317121777
GOT1	MEN1	False	False	True	0.5830596854999385	-0.04186615953301289	6	0.263919472017888	0.0304959486662051	False	0.0004313866543408	0.0058220773171867	0.0027292317002944	0.0020272298840383	1.34628624103436	0.0202079667868804	0.0198585463572212	1.01759546863973	0.0	0.242	0.570558860605469	6.954156116272279e-11
GOT1	EYA2	False	False	True	-0.9668765860871887	0.08873331766691853	2	-4.9516207915644	6.82753245171854e-79	False	0.0005159801203522	0.0016301816488123	0.0067535674112703	0.0043571473546625	1.54999747806174	0.0105147176321046	0.0069460977153892	1.51375895689014	0.0	0.0	0.510758187348661	2.44556396187446e-06
GOT1	CDK9	False	False	True	0.998309090643275	0.030894752225603228	4	0.787922463806988	1.98374351928473e-12	False	0.0032317685382629	0.0144387517466232	0.0004610761419708	0.000372921815283	1.23638822690185	0.013237984648991	0.0119432141385444	1.108410558115	0.0	0.0	1.09053181482843	0.331796098613538
GOT1	ATF2	False	False	True	-0.6405872373355451	-0.7706750404951898	2	-1.17700877218428	6.62215113985468e-25	False	0.0094314395822731	0.0251513740102469	0.0038418686336795	0.0024129166341893	1.59220943618313	0.0247339938249999	0.01866811393739	1.32493265832606	0.001	0.0	1.33955717761836	0.0046959118454139
GOT1	JUND	False	False	True	-0.24272160998688	-0.9318137328654065	11	1.49686913023121	2.5156694931318598e-49	False	0.0001870371701645	0.0051234280391243	0.0023346118568746	0.0020423133178465	1.14312130096486	0.0218493420729446	0.0208682369703513	1.0470142783977	0.023	0.035	0.508956611542706	6.706126814937231e-14
GOT1	EIF3A	False	False	True	0.22879336479499435	-0.9186576689858561	3	-0.232104392480453	4.67820369926875e-05	False	0.0004213542709812	0.0041918956683744	0.0015274693795321	0.0011489267205399	1.32947502414637	0.0071305628365403	0.0058797030489868	1.21274200025611	0.077	0.002	0.835743489708493	0.415293457800452
GOT1	EEF1D	False	False	True	-0.9150962832682904	0.32491249233717034	5	0.543411988674214	8.37258062693854e-16	False	0.0009451648481993	0.0055891942244993	0.0010863307342579	0.0008945330419655	1.21441096448607	0.0115862356033821	0.0100514756888208	1.15269000911659	0.023	0.0	0.893426165520152	0.279014950348866
GOT1	NFATC1	False	False	True	-0.8255035692475807	0.15764823265697614	13	1.1226631415725	0.0001029422365094	False	0.0014367129397617	0.0090824406148113	0.0042908216779754	0.0035472214367199	1.20962893197417	0.0207269156214618	0.0187551036736629	1.10513468664894	0.005	0.0	0.533917685723161	2.5104344293087797e-12
GOT1	NFE2L1	False	False	True	-0.7867402195014155	-0.5718595664846357	4	-0.255367602767525	4.44953892701778e-06	False	0.0001162420472098	0.0020959478341872	0.0030998197844115	0.0032447767406863	0.955326061587799	0.0149112643204953	0.0140111947036477	1.06423931976431	0.542	0.258	0.925040516108566	0.718806137940778
GOT1	ARRB1	False	False	True	-0.07683307246727977	0.9191105832735027	6	4.46081445182634	1.13085844595117e-76	False	0.0083162597922703	0.0263157894736842	0.0055103219920982	0.0049604186642524	1.11085824908464	0.0122043049814872	0.0103517881542326	1.17895621506678	0.189	0.001	1.02624689705648	0.817204838414237
GOT1	CHUK	False	False	True	-0.14742846986723349	-0.9757536884198209	5	-2.24880639859004	1.8737725043102002e-62	False	0.0012551260339073	0.0114112715416861	0.0006374017900905	0.000494745840075	1.28834188882475	0.0154513659818047	0.0130322036959062	1.18562956368296	0.0	0.0	0.653583220011319	8.25575507983265e-06
GOT1	CHD3	False	False	True	-0.0972441191374362	0.9849909765466249	5	2.22701118201265	5.79937590933669e-280	False	0.0017524313674578	0.0132743362831858	0.0023487530975146	0.0018015851088577	1.30371475983386	0.0148218423691533	0.0126248949114703	1.1740170887036	0.076	0.0	0.779304416809032	0.0040560298737112
GOT1	HDAC3	False	False	True	0.08639230780612017	0.4303216098997271	16	-0.589406036685141	5.91608027619659e-08	False	0.0027901513685901	0.0179319981369353	0.0104252275085018	0.0118106330684991	0.88269845045881	0.0381396237618795	0.0423976813487518	0.899568621410057	1.0	1.0	0.56562816017132	4.33436303104518e-05
GOT1	USP7	False	False	True	0.23978621886795268	-0.8878583210098768	3	-0.174645813742894	0.0252019502700565	False	0.0099592596464776	0.0249184909175594	0.0027989956140068	0.0021337395322515	1.31177942372999	0.0167607402945481	0.015808582048144	1.06023046491484	0.0	0.01	1.37015349357098	0.0002426385686994
GOT1	CSNK2A1	False	False	True	-0.964176117253274	-0.06412482502473985	11	-0.336224781270551	2.02063849522777e-06	False	0.0238853696478738	0.0486725663716814	0.0042755348373329	0.0034404882905978	1.24271163747806	0.0174330173436651	0.0159406441134656	1.09362063537563	0.0	0.0	0.620057861690888	3.09194349722209e-08
GOT1	UTP23	False	False	True	0.8582225127165604	-0.23766463416857836	3	1.06158093107809	5.47183302332604e-16	False	9.04376779659003e-05	0.0018630647414997	0.0005152227336167	0.0003535655532133	1.45721982510506	0.01020783530988	0.0075142755330825	1.35845901111009	0.016	0.0	0.280734925094087	7.98051535046408e-09
GOT1	UBA52	False	False	True	-0.9719974061836878	0.07576670631689608	9	0.801805943562977	3.28470236746814e-39	False	0.004887844788234	0.02026082906381	0.0016577919822291	0.0016606054614644	0.998305750944117	0.0182839458090688	0.019611084573731	0.932327110228267	0.52	1.0	0.498159938918801	7.91954074031689e-15
GOT1	KEAP1	False	False	True	0.6969465143144208	-0.6212960537465205	2	1.73559209730498	2.02251945548657e-68	False	0.0032043502402288	0.0107126222636237	0.0014823692843325	0.0012123281047884	1.22274595340774	0.0168638455844762	0.0160532026303477	1.05049727289905	0.013	0.016	0.392463597583555	2.97727723605413e-27
GOT1	SUMO1	False	False	True	-0.8807053253253796	-0.28038791797856055	7	-0.377285309516264	0.0001117207750559	False	0.0027211964478883	0.016301816488123	0.0079274446298333	0.0084760021009619	0.935281107225503	0.034495131060561	0.0359792098175186	0.958751769022037	0.855	0.94	1.72190682476124	7.87876151379759e-09
GOT1	ECSIT	False	False	True	0.3761269653070021	0.9497432561571273	3	1.24546849802431	2.19835196032564e-19	False	0.001037539577995	0.0060549604098742	0.0003423893885771	0.0002229493279371	1.53572738588221	0.011335017843836	0.0089074449595621	1.27253302100597	0.0	0.0	0.591255402454851	1.67993120520422e-05
GOT1	SMARCC2	False	False	True	0.873089386122989	0.5247770637584791	7	0.619950696308152	3.0121600212282995e-12	False	0.0013986863277081	0.0090824406148113	0.0010549679053132	0.0010542838415676	1.0006488421036	0.0150413123991128	0.0147639341642167	1.01878755566171	0.433	0.227	0.5454280882877	5.60419791432121e-12
GOT1	STAT1	False	False	True	-0.7339804413173203	-0.7459735096450558	3	-4.62037343801228	3.18474888731901e-209	False	0.0027112710926294	0.0128085700978109	0.0023174060406022	0.0020187727010293	1.14792816418639	0.0211131021379758	0.0193054344862334	1.09363517060606	0.076	0.005	0.905285910795663	0.247908562694795
GOT1	TFDP1	False	False	True	-0.6544702768294085	0.7537105556423663	3	-1.49951127569777	7.75563052587775e-94	False	0.0002703610900539	0.0048905449464368	0.0013995785694603	0.0008621153349936	1.62342381889166	0.0136285543616242	0.0115241161694081	1.18261167809142	0.0	0.0	1.07946774266652	0.481713872102476
GOT1	NFKBIA	False	False	True	0.9290549885084635	-0.2784971923074133	2	-1.22942522331767	1.4125258594414601e-25	False	0.0025957048165258	0.0142058686539357	0.0007032490455039	0.0003935445981739	1.78696150008667	0.0135633160657551	0.0105495260149049	1.28568013829173	0.0	0.0	0.929958140738456	0.529362725759371
GOT1	RANGAP1	False	False	True	-0.9802313389023672	0.13111572972771235	3	-0.208474479433265	0.0046777123839436	False	0.0002640723999492	0.0046576618537494	0.0007425254301647	0.0002751460314025	2.69865942234347	0.010576323042868	0.0060057723020795	1.76102631117163	0.0	0.0	0.718496579314059	0.213395144514433
GOT1	BANP	False	False	True	-0.08265647063651926	-0.7364280377164913	7	1.03147931128972	4.54094624310695e-10	False	0.0022799162916786	0.0097810898928737	0.0102164749663189	0.0084175807304443	1.21370679931449	0.0182825374294347	0.0193610760169421	0.944293458350993	0.0	1.0	0.399313239338028	9.937427060277291e-25
GOT1	FBXW7	False	False	True	-0.8024943072970201	-0.28047441609748547	10	-0.570085961016235	0.0019896081047041	False	0.0005999955155609	0.0055891942244993	0.0025995085818355	0.0031139250627276	0.834801265114095	0.0195583728248011	0.0227530892544286	0.859591970395597	0.999	1.0	0.320519836124299	2.19239094537648e-37
GOT1	SMARCC1	False	False	True	0.055567161442532105	-0.9198410779620992	4	-0.89729589764914	8.77973794379993e-34	False	0.00068489306792	0.0081509082440614	0.0018430680088752	0.0014604056292151	1.26202472245036	0.0142700245417148	0.0124435730980917	1.14677869686025	0.004	0.0	1.09122035965007	0.33017798537217
GOT1	BCL6	False	False	True	-0.9435007956443121	-0.17168040782594454	5	1.64820319699614	4.6414457274630494e-36	False	0.0040274348137957	0.0135072193758733	0.0008944527783484	0.0007730611982407	1.15702712849124	0.0130718819520015	0.0112117676951644	1.16590731340602	0.113	0.0	0.542686547086576	6.548530613077439e-11
GOT1	SREBF2	False	False	True	0.48496850668482394	-0.4300902079337119	7	0.562968751522566	1.60496993764377e-18	False	0.0003728754817867	0.0058220773171867	0.0009184494072163	0.0008414035493258	1.09156825871747	0.0174625947528252	0.0173219945949707	1.00811685727551	0.146	0.383	0.491762467326964	1.86960227269435e-16
GOT1	RUNX2	False	False	True	0.3515420167594144	-0.8453268739279055	3	-0.861166876706292	0.0007117547549995	False	0.0010279574898129	0.0053563111318118	0.0020268258287359	0.0011500054275505	1.76244892430895	0.0117445106430477	0.0093122114520299	1.26119458342921	0.0	0.0	0.739015551008872	0.0104992530729881
GOT1	PIAS4	False	False	True	-0.4141290947271698	-0.8824200776439051	3	0.410162114456255	0.0095411344283974	False	0.0010437599475141	0.0088495575221238	0.0008035697650001	0.000596163255736	1.34790220173513	0.0142923734478104	0.0121761716462817	1.17379861774328	0.0	0.0	0.890797219427836	0.25258302606761
GOT1	AR	False	False	True	0.04842561372241492	1.0	8	0.367597826345658	8.286257086481861e-10	False	0.0108176748248939	0.032137866790871	0.0104904797753813	0.0109843494664973	0.955038785626554	0.032198152914217	0.0340477799272953	0.945675547215472	0.844	0.999	0.433457810643562	3.2859794371593703e-14
GOT1	KDM5C	False	False	True	-0.9438762682192812	-0.34274128269131804	4	-0.335723770084276	2.22535137621698e-05	False	0.0004220537543317	0.0048905449464368	0.0006821352653382	0.0005136885668298	1.32791599693933	0.0149806042745011	0.0134541574715652	1.11345539891012	0.0	0.0	0.395005777503432	2.31421379894617e-26
GOT1	RB1	False	False	True	-0.6627396721606912	-0.24240784775060978	16	-1.5013365127823	7.728855634830599e-57	False	0.0106136889179788	0.0274802049371216	0.0056858922692641	0.0058821062226555	0.966642228826862	0.0354544167063493	0.0372754879073165	0.951145610608902	0.823	0.999	0.747764645830357	0.0171678490031727
GOT1	KDM5B	False	False	True	-0.24310780271441287	0.8852399492145717	3	-0.428561805309032	3.40144853077765e-06	False	0.0005023608265197	0.0020959478341872	0.0016958815074679	0.0019395778968346	0.874355966953232	0.0139334393013882	0.0143061371130301	0.97394839650303	0.895	0.835	0.293855760022816	1.53834760599754e-42
GOT1	FOXP3	False	False	True	0.5607210058225045	0.293199293893615	3	2.39270033854985	6.48198825208527e-06	False	0.0001227878839894	0.0020959478341872	0.0001002491133125	7.68741587531753e-05	1.30406777698116	0.0094997021726168	0.0075026592348313	1.26617801439177	0.189	0.052	0.775326965433293	0.338370009647446
GOT1	ETS2	False	False	True	-0.756169885068699	0.6393269466207157	5	-5.41977573678958	0.0	False	0.0003180650583671	0.0027945971122496	0.0034173570763052	0.0031673935293587	1.07891774250013	0.0105084770569238	0.0086032962138711	1.2214477795128	0.351	0.006	0.984543775924882	1.0
GOT1	COPS5	False	False	True	-0.4718173571546977	0.8522822444616921	9	-0.198335004102197	0.0869812840064672	False	0.0061048211516381	0.0195621797857476	0.0032654832400818	0.0033607737204581	0.971646267109209	0.0251752166749761	0.0259950017634353	0.968463741763916	0.657	0.904	1.25145697696666	0.0118180242860159
GOT1	HMGA1	False	False	True	0.906222215655849	0.4830243212310789	2	-1.57071891492196	4.65235572724233e-125	False	0.0017382133709464	0.011877037727061	0.0034694859111899	0.0039162133835857	0.885928720261223	0.0220279308597715	0.0232710402347201	0.946581271726137	0.942	0.99	0.533535937980524	2.98246393119216e-10
GOT1	ARNT	False	False	True	0.6775369761145948	-0.487839516865599	4	0.180023361609866	0.0963770359990452	False	0.0008589296876012	0.0037261294829995	0.0017595794901474	0.000628254153059	2.80074470113715	0.0115166858996231	0.0075609866402749	1.52317236460616	0.0	0.0	0.664209320826448	0.0074837651732103
GOT1	SMURF1	False	False	True	-0.9500813655417845	-0.30925302732830157	3	-1.20162101250496	1.77388984049425e-23	False	0.0011317864425118	0.0083837913367489	0.0004674533657294	0.0003480340240368	1.34312548039829	0.0125456430290628	0.0106821166033553	1.17445291929525	0.003	0.0	0.350347184209924	8.65924566877101e-28
GOT1	NEK6	False	False	True	-0.2839873179257631	-0.69755171409548	3	1.44223244379961	3.71861319663683e-39	False	0.0014557656153324	0.0081509082440614	0.0004074533249107	0.0002776818150651	1.46733888502982	0.0097744503687643	0.0086598456199523	1.12870954029988	0.004	0.008	0.536876183697327	1.86633574926722e-06
GOT1	PPARG	False	False	True	0.06360347571747049	0.19411165626867172	12	-1.40165572190257	4.78642753115274e-07	False	0.0003631448695647	0.0081509082440614	0.0027103743265132	0.0043513353862293	0.622883341764634	0.0317639554218043	0.0431875652721001	0.735488449549721	1.0	1.0	0.434125705745675	6.253561927147071e-14
GOT1	ESR2	False	False	True	-0.5155344095428684	-0.8103415391271321	3	3.10191642117498	0.0302281855584287	False	0.0001025395504111	0.003959012575687	0.0002099809711564	0.0003188786830079	0.65849798793629	0.0141921018139121	0.0160129231674818	0.886290508327214	1.0	1.0	0.166103549416607	4.2714136074523e-82
GOT1	TOP1	False	False	True	0.9176321893781383	0.311999961952892	3	-0.0505576576427974	0.501682754948609	False	0.0015393804710189	0.0128085700978109	0.0003604378404695	0.000523355125355	0.688706048737062	0.0074113294564198	0.0058338842420884	1.27039364321818	0.642	0.007	1.23783526150629	0.353565033482263
GOT1	ARNTL	False	False	True	0.17056919536786058	0.9908195336777244	2	-2.57610377225619	4.35905666821004e-45	False	0.0001417164389308	0.0025617140195621	0.0073604639240407	0.0026770175773583	2.74950152972247	0.0119637372619766	0.0054753387382685	2.18502230343468	0.02	0.0	0.750108775709939	0.447589031891475
GOT1	PML	False	False	True	0.666701823135241	0.02441464502529149	11	-2.18992362608411	1.03650737112858e-89	False	0.0080007858007285	0.0225896599906847	0.0073939385131569	0.0074796308529497	0.988543239435539	0.0324068498195966	0.0353572571300586	0.916554406366728	0.607	1.0	0.702679702532026	0.0077646753718237
GOT1	MAF	False	False	True	-0.9680720698393627	0.21956302079236215	2	4.90755187657154	5.48369160876712e-20	False	4.40408235177587e-05	0.0016301816488123	0.0008578142861855	0.0009059131941439	0.946905610527184	0.0086728591611958	0.0077266869765494	1.1224550945985	0.527	0.19	1.00879956912778	1.0
GOT1	CEBPA	False	False	True	0.5095995943921832	0.8042874968450129	7	1.40831619900991	1.6381761926368402e-19	False	0.0004042997443073	0.0065207265952491	0.0012540021409939	0.0007887813143561	1.58979696675182	0.0157468561307817	0.0138590535696925	1.1362143923895	0.0	0.0	0.487154920366898	1.23918278647568e-16
GOT1	PRKAA2	False	False	True	0.4692877651591201	-0.8840783388630549	4	0.802705270898406	0.000509391035475	False	0.0014004189075656	0.0088495575221238	0.0010371522546603	0.0009188901242478	1.1287010571687	0.0149576863741706	0.0154338040342279	0.969150984488243	0.107	0.925	0.329854067840153	2.77726036144818e-37
GOT1	TRAF6	False	False	True	0.4863858981287031	0.851676692740021	4	-1.27065646232907	6.77104599597509e-09	False	0.0049822107939252	0.0244527247321844	0.0004826070032562	0.0002526687842469	1.91003809471206	0.0104411699440048	0.0077465672958859	1.3478447349899	0.0	0.0	1.15025347920156	0.372970113015204
GOT1	XRCC5	False	False	True	-0.34852283533133627	-0.826403064555607	6	-0.587683672256141	2.4750111362037102e-20	False	0.0026513990860208	0.0130414531904984	0.0100159872428525	0.011070172794837	0.904772439281509	0.0240870525727116	0.0250044945223122	0.963308918371378	0.995	0.974	0.462576239250656	4.35762183614498e-16
GOT1	CALM1	False	False	True	-0.8013823926549637	0.5426875706883363	2	0.140906492476253	0.0288357193800809	False	0.0005644003619531	0.0037261294829995	0.0001705211039345	0.0001161004680714	1.46873743721322	0.0081314052803097	0.0063598316569304	1.27855668497904	0.008	0.0	0.834476163071984	0.254742364943709
GOT1	RING1	False	False	True	-0.8345891458098292	-0.6139981367991929	5	-0.16153173970779	0.123060006948792	False	0.00076028225952	0.0086166744294364	0.0007272364761482	0.0004098759718653	1.77428423734766	0.0153284883635032	0.0126346156354728	1.21321366678279	0.0	0.0	0.333331318890093	1.33520016911173e-33
GOT1	KAT7	False	False	True	0.6668252046245977	0.6761182137577306	3	0.472793529762558	0.0001027887966632	False	0.0009031195714202	0.0051234280391243	0.0001142009277902	7.16887440105331e-05	1.59301058159855	0.0080944806203867	0.0065728736864021	1.23149797281705	0.001	0.003	1.54215254418129	0.0115260623958555
GOT1	NFYC	False	False	True	-0.9230871473215663	0.37599936950278934	4	-0.217629731396474	0.0920251590777719	False	0.0003883742937914	0.003493246390312	0.0010683860434928	0.0007719578712394	1.38399527137087	0.0143359763254188	0.0127318507545733	1.12599311771459	0.0	0.0	0.616348798312912	3.55851419611574e-08
GOT1	FLNA	False	False	True	-0.18707415494550705	0.9654750531866326	4	-1.28804759127533	3.06495567485572e-85	False	0.004404098889545	0.0179319981369353	0.0008531963217268	0.0007402748700625	1.15253989596424	0.0119990299563518	0.0109320961629523	1.09759645154011	0.013	0.0	0.672157699045005	2.53530705669914e-05
GOT1	TWIST1	False	False	True	-0.27693255128137717	0.823294213614916	3	0.152160574972577	0.616322400300272	False	0.000994407299521	0.0037261294829995	0.0041634931451372	0.0041612905073584	1.00052931603187	0.018146396130353	0.0174756791351792	1.03838002460366	0.487	0.09	0.700930839615483	4.58781755416633e-05
GOT1	SIRT1	False	False	True	0.2999031958828698	-0.8857012898707335	13	-0.0766530439094086	0.589923221706388	False	0.0061715877410221	0.0225896599906847	0.0041895139069258	0.0037106466130497	1.12905224986717	0.023223808466621	0.0225956446864023	1.02780021499439	0.014	0.094	0.94126527395627	0.50277518288762
GOT1	KPNA3	False	False	True	0.2860356542460751	0.9442330726405357	3	-1.65283857049153	2.44100698448319e-41	False	0.0007107615676743	0.0060549604098742	0.0012084921125998	0.0010604718693762	1.13957960366331	0.0141598997005459	0.0120333475330578	1.17672157823466	0.219	0.0	0.64956027967494	1.44732951488775e-05
GOT1	HOXB9	False	False	True	-0.13532711097588024	0.9263937398532899	5	-0.252441620285937	0.515819172129255	False	0.0001626402592601	0.0025617140195621	0.000721257356272	0.0006019485976057	1.19820423062842	0.0127537660040213	0.0111499611674798	1.14383949974814	0.153	0.016	0.94676420035041	0.740741653600911
GOT1	CREB1	False	False	True	-0.6688870837069385	0.6618702879279202	7	-0.600232504411478	4.5967343029176706e-09	False	0.0027326678908263	0.0132743362831858	0.0096819491136188	0.0092908219419468	1.04209823136381	0.0255157155725357	0.0238106053529758	1.07161137628728	0.321	0.04	1.09762688269858	0.29513165026623
GOT1	EED	False	False	True	-0.9491658169276449	-0.22408513745205547	2	-0.659156004503179	0.0003311424878824	False	0.0143823329709244	0.0468095016301816	0.0008761956269509	0.0008333346034074	1.05143314986349	0.0136458511135948	0.0126838970139329	1.07584057948477	0.315	0.01	0.455375813379871	4.3262247842650704e-19
GOT1	SMARCE1	False	False	True	-0.04103992066050422	-0.3718742460378361	7	0.439172680407155	9.26190250028915e-08	False	0.0008549749753496	0.0090824406148113	0.0014058788764585	0.0013085214210263	1.07440264551105	0.0162834550330062	0.0159537051852561	1.0206691701972	0.141	0.187	0.612521719397962	1.48227870640763e-08
GOT1	SMURF2	False	False	True	-0.9580776603146067	-0.04237742374741662	3	-0.44593958052429	0.0037395655463114	False	0.0008873624295311	0.0086166744294364	0.0001899829560179	0.0001178395974287	1.61221660768772	0.0110447235228654	0.0082609701343987	1.33697657093264	0.0	0.0	0.313515567271997	2.38522855425012e-27
GOT1	KAT5	False	False	True	-0.37305909541225135	0.35830711349061106	11	0.958443941775026	7.157203753148591e-14	False	0.0060212975353292	0.0193292966930601	0.0115366379889926	0.0129786614214516	0.888892745897853	0.0318820852774606	0.0359181709515771	0.887631091250227	1.0	1.0	0.765742558412553	0.0385958655809259
GOT1	FBXW11	False	False	True	0.8587856229948538	-0.35295860389184686	5	-0.0542273243719681	0.605103480213547	False	0.0007420974821128	0.0090824406148113	0.0021947981702082	0.0017856662655844	1.22912002791845	0.0215319210150547	0.0205900310117549	1.04574495311649	0.001	0.032	0.685163169725778	1.14280650543961e-05
GOT1	CDK8	False	False	True	0.9328243948590516	0.11965021888206327	3	-0.0184062327187004	0.900602435444225	False	0.0017348738208193	0.0146716348393107	0.0016173809725758	0.0012783705731288	1.26518945802802	0.0098968091074931	0.0078425575619544	1.26193643200073	0.222	0.002	0.518535115112545	0.001870447809817
GOT1	TBK1	False	False	True	0.7758727044473671	0.6766142407352312	3	-0.308845031578648	0.02333545720916	False	0.0007918272199622	0.007918025151374	0.0009165890225301	0.0006040874757752	1.51731174587563	0.0129532845896316	0.0097466948170505	1.3289925285207	0.092	0.0	0.949400466401819	0.737809385493238
GOT1	PIAS1	False	False	True	0.14608052482597914	-0.3379468019898165	12	-1.1142071456845	4.61603218334455e-12	False	0.0017029410395588	0.0111783884489986	0.0062355333787832	0.0064148706811471	0.972043504650692	0.0259562176015031	0.0280566559201927	0.925135827852605	0.747	1.0	0.687388076348708	0.0003110940002457
GOT1	AKAP8L	False	False	True	-0.7001188358203957	0.5055077279844409	2	0.58144421137552	4.55729843857925e-08	False	0.0001093367237887	0.0027945971122496	9.15137984404172e-05	5.92423719271784e-05	1.54473555773404	0.00732974531546	0.0050623017213929	1.44790763547045	0.003	0.0	0.518064239675271	0.003411657389005
GOT1	CDKN2A	False	False	True	-0.8751433185361198	0.10537917412586888	3	-2.85543057976442	1.64551894364618e-155	False	0.0020022850899635	0.0125756870051234	0.0002927265033629	0.0001780752511823	1.64383597057614	0.0113529157971242	0.0083679037081169	1.35672161070781	0.0	0.0	0.393462644991036	1.10860877465314e-19
GOT1	PRKDC	False	False	True	-0.5356393493839265	-0.7576055921350086	8	-1.24483768112986	1.53241622670684e-81	False	0.0045480642326754	0.0174662319515603	0.0014285206649696	0.0011477437205632	1.24463383190512	0.014994694594893	0.0138341383293761	1.0838907518405	0.001	0.001	1.09142503393347	0.316176011280205
GOT1	DNAJA3	False	False	True	-0.5695662218209242	-0.7360027888171806	3	0.481122974142907	1.93164107207781e-09	False	0.0007622369177998	0.0053563111318118	0.0009209427244765	0.0006401727140885	1.43858478221415	0.0086925330377202	0.0067955003178233	1.27916012525543	0.001	0.0	0.856668845900548	0.28505849092948
GOT1	ATF3	False	False	True	0.9466436968406593	-0.058982231344628294	7	-0.363412288333933	0.0004899812137875	False	0.0004674105540392	0.0065207265952491	0.002917060342188	0.0029742725981641	0.980764286363197	0.0256520728851343	0.0250655780380408	1.02339841699255	0.524	0.292	1.57036119924058	3.27384086187753e-07
GOT1	CCND1	False	False	True	-0.6551835843698763	-0.6743013079356025	2	0.99259843963897	1.40184763613529e-47	False	0.0013121396571862	0.0107126222636237	0.0021051733019488	0.0013493284481293	1.56016372801402	0.0118712468422729	0.0099821684783377	1.18924528954151	0.004	0.0	0.431755802417584	2.1110375048232402e-19
GOT1	HSPA8	False	False	True	0.9483943617812114	0.053328520203308014	7	2.4082026167568	0.0	False	0.0003362225142663	0.0062878435025617	0.0009688567105521	0.0007911706502216	1.22458626376088	0.0123233914092075	0.0111120754243749	1.10900897794264	0.117	0.006	1.16996468367078	0.121051999986928
GOT1	SIRT6	False	False	True	0.931771080049927	-0.4147354009677212	2	0.638091383579692	4.56110107743729e-05	False	0.0004454171460535	0.003493246390312	0.0054892966506918	0.003791473186585	1.44780046714139	0.0085063290999355	0.0061865382876304	1.3749739683893	0.0	0.0	0.588626516064887	0.0010282321113812
GOT1	NCOR1	False	False	True	0.8213111330092641	-0.06166071116264833	10	-0.370323041491951	2.40001047883083e-07	False	0.0026968289175194	0.0167675826734979	0.0047070375676718	0.0054313374614176	0.866644284415938	0.0318410731279102	0.0370507400427717	0.859391015973031	1.0	1.0	0.516606961880033	1.37908086105824e-07
GOT1	EP300	False	False	True	-0.028682812036788442	-0.07528018230190409	52	-0.535208213230849	1.82065626800474e-10	False	0.0190185693756178	0.0461108523521192	0.0895129158635097	0.103950753341761	0.861108871132621	0.135840313699103	0.155525411243169	0.873428416702353	1.0	1.0	1.39690097035069	1.0
GOT1	PIN1	False	False	True	0.010370373831561395	0.9723720958481232	10	1.35168601477092	1.5096214004575798e-40	False	0.0056796859858937	0.0174662319515603	0.0047695129876376	0.0050431501357244	0.945740828505484	0.020951195129347	0.0220149935653743	0.9516784580078	0.924	0.996	0.61015129214729	6.03309231096235e-08
GOT1	RBM39	False	False	True	-0.7816903882748583	-0.5338818230455832	3	0.0386608435296687	0.587830947947837	False	0.0014052987133892	0.007918025151374	0.0011809524533994	0.0011467689781718	1.02980851058773	0.008160345281921	0.0071385899534809	1.14313125352463	0.178	0.012	0.580291194502282	0.0009484307459173
GOT1	APPL1	False	False	True	-0.523000214072283	0.7969377143286958	2	-0.311475338881936	0.0007098903458436	False	0.0008957634553844	0.0065207265952491	0.0011335226523989	0.0004395417813768	2.57887350059918	0.0103418607945466	0.006750900217408	1.53192321934766	0.0	0.0	0.536545202421159	7.94343636297651e-10
GOT1	HDAC4	False	False	True	0.7075545914733686	-0.5125495539571003	4	0.184139063850069	0.359842488176512	False	0.0018126240555099	0.0095482068001863	0.0024073663416572	0.0023510840730305	1.02393885836426	0.025258793062861	0.0247020642853082	1.02253774304538	0.393	0.305	1.56523897866382	8.68582294629659e-07
GOT1	BAP1	False	False	True	-0.829955326573878	0.4472871606237412	5	0.024831373847778	0.804430844579437	False	0.0004868436215411	0.0060549604098742	0.0004846554001727	0.0002982476783913	1.62500979986448	0.0135807180022117	0.0103083851960584	1.31744378425096	0.0	0.0	0.336314474611213	4.20307406577177e-28
GOT1	YAF2	False	False	True	-0.6281158248372601	-0.8140733622684972	3	-1.15354629788033	3.1252913455512904e-09	False	0.0002608153160302	0.0060549604098742	0.0008331412313914	0.000457315691595	1.82180766307323	0.0138008613972599	0.0104114641503708	1.32554472626872	0.0	0.0	0.378230571168949	1.08645185956076e-22
GOT1	MED13	False	False	True	-0.701025692082377	-0.7420574242921467	2	-1.24608779107416	2.3148611997246902e-45	False	2.19952166355512e-05	0.003959012575687	0.0001567182693647	8.06166431108783e-05	1.9439939858223	0.0096453254976869	0.0058582765144162	1.64644421852595	0.003	0.0	0.590560644185585	0.127968053993281
GOT1	DAXX	False	False	True	0.07382690695745565	0.8848099740235118	5	-0.470367540479345	1.46026320587756e-05	False	0.0034052199099794	0.0153702841173731	0.0018172207928715	0.0013333845324999	1.36286326155624	0.0159250127576407	0.0147235585717254	1.08160080187561	0.004	0.011	1.22829339149793	0.0196245206572993
GOT1	NFE2L2	False	False	True	-0.7959542798396765	-0.6311263784198712	8	-2.10733867169339	2.35750687958844e-137	False	0.0004977087284085	0.0048905449464368	0.0102021131757794	0.0085353744989902	1.19527422926625	0.0209496491489178	0.0196755576956427	1.06475503632394	0.042	0.111	1.03002014519819	0.796738615597048
GOT1	RARA	False	False	True	0.1889137223649152	0.35848816021272534	8	-0.134025346348399	0.470907401425808	False	0.0026740765613072	0.0142058686539357	0.0060949324135322	0.0065462889740274	0.931051537399899	0.0290514405201559	0.0337922813471718	0.859706399271778	0.917	1.0	0.362781101897434	4.92754887163008e-22
GOT1	HDAC2	False	False	True	0.1874888841035003	-0.11215292906749842	23	0.259535358284113	0.0008361525058334	False	0.0077091866883946	0.0300419189566837	0.0206949139660131	0.0234173310144597	0.883743495500594	0.0532754913361933	0.0609264350509397	0.874423249803643	1.0	1.0	0.855352903168722	0.457837938853035
GOT1	FOXK2	False	False	True	0.8353334031215895	0.5087828454599693	5	-0.810549760351143	8.7594450497324e-24	False	0.0049037690869009	0.0186306474149977	0.0037094135069104	0.0023297582686944	1.59218814962686	0.0165329034622944	0.0141990033824588	1.16437069679967	0.0	0.0	0.799803492620377	0.0099191236162939
GOT1	ANXA1	False	False	True	-0.9064192839625334	0.28569812935484445	3	-10.9794021899589	6.20431419178146e-88	False	0.0004527362060374	0.0041918956683744	0.0038613347777054	0.0026735330192531	1.44428168640461	0.0086779283078638	0.0060810615847811	1.42704167469405	0.062	0.0	0.805994170010463	0.3358138908021
GOT1	LIG3	False	False	True	0.33451858007478674	0.8928535657892108	4	0.720487000706878	7.08344325329136e-09	False	0.0001907736484844	0.003959012575687	0.0002113685897053	0.0001905186355047	1.10943787281164	0.0066254022695041	0.0062065024520028	1.06749370047637	0.281	0.22	0.784917647930324	0.293969955343733
GOT1	MED12	False	False	True	0.028684342471611345	-0.9308880364071497	3	0.0227249552279947	0.864687502280392	False	0.0005814855254772	0.0107126222636237	0.0015509650326057	0.0011328159711662	1.3691235576499	0.0133131803562041	0.0131387429821963	1.01327656490763	0.009	0.354	0.567694898441399	3.96059816392899e-08
GOT1	TFDP2	False	False	True	-0.9707234780031825	-0.24678647505417967	2	-0.39383482011672	0.0003580374688402	False	2.50669876242294e-05	0.0018630647414997	0.0004377771915377	0.0001754065582544	2.49578576704456	0.0159641542721495	0.0114428590160323	1.3951193709354	0.0	0.0	0.326072307537814	1.85222787253273e-27
GOT1	PIAS2	False	False	True	-0.40620917698388703	0.8966224910594303	3	1.37815958114018	8.41768220011443e-24	False	0.0014965888023675	0.0072193758733116	0.0003379477654729	0.0002971600915079	1.13725824944418	0.0094062074792374	0.0074630417012146	1.2603718236904	0.214	0.0	1.13588258206445	0.285548683349221
GOT1	SRF	False	False	True	0.22655523119523807	0.9273868158356029	2	-0.846050153224634	1.6988848194520402e-17	False	0.0008168193738117	0.0048905449464368	0.0018570836298576	0.0016893889981599	1.09926348039464	0.0143124709880718	0.0130121044684418	1.09993514291126	0.243	0.001	0.748706333068874	0.0020183066095699
GOT1	RUVBL2	False	False	True	-0.9709367882614809	-0.17514284246367304	7	-0.005317345010651	0.960237032470839	False	0.0035647571700694	0.016301816488123	0.0006819114922856	0.0004743401721284	1.43760012824907	0.0139615590494841	0.0115023197158684	1.21380377127085	0.0	0.0	0.581887043933083	5.80565150579077e-09
GOT1	RXRA	False	False	True	0.2696768763618757	-0.9602027897534519	7	0.587366263887377	5.61543033730386e-08	False	0.0011398358026442	0.0111783884489986	0.0022974397982451	0.0027594810170766	0.832562276757036	0.0256097730149417	0.0295732667489444	0.865977141867693	1.0	1.0	0.322628438182867	1.77189663898034e-27
GOT1	CEBPB	False	False	True	0.34138025158982893	0.43934926907474126	15	-1.24764079331658	9.42804687986243e-41	False	0.0002252441005197	0.0065207265952491	0.002777196301988	0.0027815220483802	0.998444827573901	0.0265395472724874	0.029385615188153	0.903147580969719	0.5	1.0	0.53652487475947	8.63602822257857e-10
GOT1	CTBP1	False	False	True	-0.6128648664367452	-0.7723982635076136	3	1.72769068578088	3.9422793138365504e-110	False	0.0033985898827302	0.012342803912436	0.0091867949065512	0.0098796970365585	0.929866054855404	0.0254215876503061	0.0292963143425036	0.867740131168106	0.956	1.0	0.473177586214241	1.4388908932738499e-13
GOT1	PSMD2	False	False	True	0.8582076767830155	0.3762894780490571	2	-0.489687005759307	1.29811149263844e-16	False	0.0012561219944899	0.0107126222636237	0.0004143876383107	0.0002441199518515	1.69747550402129	0.0109807106566421	0.0086896956212355	1.26364732842976	0.0	0.0	0.4126823652453	1.6318037628925902e-15
GOT1	IKBKG	False	False	True	-0.45225755711619564	-0.8099103986365974	3	2.09688311282042	5.2145232161372e-34	False	0.0098578500417294	0.0260829063809967	0.0008382191672618	0.0005058085169545	1.65718673997164	0.0151256881019172	0.0115301298642081	1.3118402203665	0.0	0.0	0.578744565615099	1.62747558266633e-06
GOT1	FOSL2	False	False	True	0.19116510239510745	0.8710607461281417	5	-3.0226820248758	1.8258994682084e-290	False	0.0003723835522587	0.0044247787610619	0.0002544554637585	0.0001767341195582	1.43976423112035	0.0126728291518229	0.0094422012356406	1.34214775088545	0.001	0.0	0.453081997303268	9.74263544784784e-14
GOT1	BRMS1	False	False	True	0.39807061876608996	-0.8326687473227903	3	-1.00433795933697	4.82188538518626e-16	False	0.0004230710365948	0.0058220773171867	0.0011097816077942	0.0005111575111535	2.17111474169648	0.0128429465606546	0.0080604901497454	1.59332079340861	0.001	0.0	1.02791918006213	0.898489725752236
GOT1	DHX9	False	False	True	-0.2256041669604605	0.9419873932883548	4	0.285749036334463	0.0001528095149103	False	0.0007090540094914	0.0088495575221238	7.36225966001307e-05	3.8025923759378e-05	1.93611592622977	0.0077313832754787	0.0051191712011356	1.51028027227602	0.012	0.0	0.623917546011597	0.174917111697402
GOT1	ZBTB17	False	False	True	-0.14010074083486038	0.9820556529790078	3	-0.934624882844791	5.72398477618772e-07	False	0.0002245513950023	0.0030274802049371	0.0015676781011771	0.001041663486684	1.50497557149433	0.0128437009006407	0.0119157817281642	1.07787312604789	0.0	0.002	0.406790354352613	1.92888864683699e-24
GOT1	WWP1	False	False	True	0.43227638309238137	0.8434630687408082	4	0.50406450695489	1.93142030130328e-07	False	0.0007056982378638	0.0062878435025617	0.0005857447789854	0.0004009726240082	1.46080990051178	0.0152770883992353	0.0143818825593688	1.06224538659463	0.0	0.004	0.145807946921574	2.68752884674581e-84
GOT1	BCL3	False	False	True	0.27242406986938994	0.9124180015411162	4	-1.54157062364155	5.2407666924394e-11	False	0.0003864393077765	0.003493246390312	0.0006698044108866	0.000486410608284	1.37703495663808	0.0125853267966853	0.010136896948077	1.24153642491875	0.015	0.0	0.643787232607883	0.0001985856583889
GOT1	CREBBP	False	False	True	0.22849745693301168	-0.15844490616250767	35	-1.47852657515799	8.12574148014725e-74	False	0.0074302139139582	0.0291103865859339	0.0249752083377947	0.0288681433038206	0.865147719233101	0.073024748603059	0.0825825460421644	0.884263710709217	1.0	1.0	0.682299158851979	0.173207200503966
GOT1	ETS1	False	False	True	0.4254273737050313	0.7747237678124332	5	-7.43572883412247	7.42521507927898e-254	False	0.000569819318934	0.0055891942244993	0.0004134420403051	0.000299951308173	1.37836385119751	0.0124551270969289	0.0108491759639784	1.14802517152295	0.0	0.0	1.04313685696985	0.66630887818778
GOT1	SATB2	False	False	True	0.17023385992410314	-0.9186931240077962	5	0.383645356503437	0.127785126334074	False	2.47751481556496e-05	0.0016301816488123	0.0012801953294691	0.0008545139501513	1.49815614975322	0.0140370958789474	0.0122526210045932	1.14564025718948	0.05	0.006	0.98291181610499	0.951573045305874
GOT1	HUWE1	False	False	True	-0.7957493048773873	-0.5076608642535949	4	-0.931472004280521	2.9120919373941203e-44	False	0.0030665068908828	0.0093153237074988	0.0012222352176994	0.0008589910426188	1.42287306509408	0.0128580512370735	0.0115369564429711	1.1145098190006	0.0	0.0	0.494177922332788	8.09926591683755e-16
GOT1	SMAD3	False	False	True	-0.22354246689318555	0.21912019177773842	26	-2.16165222493266	8.320005204690681e-58	False	0.0142633521925969	0.0353982300884956	0.0244393384491714	0.0263817123703705	0.926374228710775	0.0535858110393235	0.0581835650885354	0.920978474897238	0.998	1.0	0.655936400405202	0.0094306144793759
GOT1	NFIA	False	False	True	-0.2666862880888779	-0.9559175612979016	4	0.998049400634477	1.5762301134787202e-19	False	2.1416972266743e-05	0.0009315323707498	0.0019446309099021	0.001372435469102	1.41691974135188	0.0125367532656573	0.0102256275222002	1.22601309684316	0.0	0.0	0.607288370598079	1.35131233113615e-06
GOT1	MCM7	False	False	True	0.6010293363855557	0.7969766075696603	2	-0.591279911045895	3.00676846170608e-15	False	0.0028810753550605	0.0125756870051234	0.0035781313595379	0.0024755622772715	1.44538127454488	0.0129737878638658	0.0102835944595053	1.26160049532816	0.0	0.0	0.424292491907979	1.24181649652935e-16
GOT1	TOP2A	False	False	True	0.9580316196570864	-0.21954963281508832	3	-1.25563325009969	4.1691045983220905e-65	False	3.13936527486701e-05	0.0030274802049371	7.57126736800072e-05	5.3357498733344e-05	1.41896969455753	0.0073471266882918	0.0057519878763383	1.27731957129384	0.044	0.007	1.26694118432678	0.276971919295889
GOT1	MAPK3	False	False	True	0.9594868804706965	-0.17767165848168692	8	0.60541244402643	1.57152167263984e-07	False	0.0035495655355407	0.0149045179319981	0.0050956761980246	0.0065592664993213	0.776866772916131	0.0187208799676169	0.019929862701732	0.939338130311856	1.0	0.998	1.05176797102593	0.576831740572741
GOT1	ACTR5	False	False	True	-0.8677423255664869	0.3025233261765112	6	-0.533716191436469	0.0145199862175915	False	0.0004003551988183	0.0058220773171867	0.0010483659481839	0.0012505814388226	0.838302821102864	0.0150302736332163	0.0159099148749104	0.944711128336628	1.0	0.996	0.163842434543684	1.16292725320457e-89
GOT1	ZBTB7C	False	False	True	-0.7476593291028154	-0.33673907769958233	2	-1.43866192496323	0.327881886384793	False	9.17328970112197e-06	0.0009315323707498	0.0002523100474427	0.0001610892455317	1.56627493418233	0.0099443433095536	0.0065084953727479	1.52790203265599	0.028	0.002	0.815162547956712	0.66259807612617
GOT1	KAT2B	False	False	True	-0.3975742279958521	-0.31925769205640553	11	0.77989922154428	4.45247752485238e-05	False	0.0025621468669761	0.0144387517466232	0.0091868907269572	0.0091252605971543	1.00675379394887	0.0386139044829709	0.0429057985699129	0.899969369409393	0.382	1.0	0.65332130500536	0.0022064629847791
GOT1	IKBKE	False	False	True	0.15959737108199254	0.9055079947452248	2	-2.79483189915413	4.24624142105469e-21	False	0.0007483262627537	0.0086166744294364	0.0004177569576726	0.0002866078981823	1.45759052811183	0.0113190525967214	0.0090284295822647	1.2537122313006	0.005	0.0	0.954013155996233	0.760313635277881
GOT1	CITED2	False	False	True	-0.530957934859501	-0.6771796640455288	5	2.21889284522846	1.15034078213765e-86	False	2.74916268984767e-06	0.0009315323707498	0.0004590791421301	0.000362695023668	1.26574425391174	0.0170698137004905	0.0163056482567977	1.04686507593307	0.002	0.03	0.295264007537682	4.57779723694132e-43
GOT1	WDR5	False	False	True	0.9806428678409407	0.09715448478448722	5	-0.591551586341411	1.0870933903355001e-10	False	0.0068327125052993	0.0176991150442478	0.0042082029374016	0.004280806748926	0.983039689529871	0.0143646821314205	0.0127677848441776	1.12507238387332	0.631	0.0	0.729877257210021	0.0002646145237847
GOT1	VRK1	False	False	True	-0.2996968766337443	-0.8677818628091556	3	-1.47982739283321	2.86880503407017e-22	False	7.58446818483212e-05	0.0025617140195621	0.0001647869221647	0.0001152337305268	1.43002332226225	0.0095185366374031	0.0072634319499749	1.31047371310969	0.008	0.0	1.10600233949438	0.572463077673149
GOT1	E2F1	False	False	True	-0.7319102241854408	0.7647456145594089	2	-1.58598313818408	1.07173313586322e-50	False	0.0001827683649204	0.0060549604098742	0.0005144896616253	0.0004263873707248	1.20662500099562	0.017029110784584	0.0164172160125467	1.03727153078632	0.01	0.141	1.05367286208456	0.560708725865203
GOT1	STAT3	False	False	True	0.5963268868911071	-0.7712647306949436	9	-0.13163942522722	0.0914843663541713	False	0.0059382301953659	0.0214252445272473	0.0076595793160406	0.0084540288843848	0.906027105039634	0.0316600377386074	0.035657191127059	0.887900497428181	0.997	1.0	0.4584318599969	1.74388589175582e-14
GOT1	FHL2	False	False	True	-0.9240874092828277	0.17865029220307632	7	-7.33115461746416	3.46004706639343e-89	False	0.0023437410802474	0.0111783884489986	0.0115444140993633	0.0113779608049259	1.01462944874668	0.0237168297691481	0.0244028312493521	0.971888447156221	0.343	0.969	0.406296638680096	1.7016900040917502e-19
GOT1	PARP1	False	False	True	0.4217549927834291	-0.9246546712325129	13	1.23681944152871	4.00780403560358e-80	False	0.0043746073448282	0.019795062878435	0.0054176395642667	0.0068013621077161	0.796552143300882	0.035330515214137	0.0442838976189027	0.797818555136755	1.0	1.0	0.588618063379874	0.0002284453392937
GOT1	AES	False	False	True	-0.9235739821103177	-0.0956113249706039	4	0.0899004411630433	0.168765473081995	False	0.005076260717636	0.016301816488123	0.0049418742075055	0.0049424435563389	0.999884804180998	0.014677672936345	0.0142157048342658	1.03249702406353	0.47	0.103	0.854387174666329	0.0839958519348432
GOT1	TUBB	False	False	True	-0.5905340704954075	0.8400258533429092	3	0.429543128680618	1.7521128970648701e-15	False	0.0011052784902085	0.0069864927806241	0.0001647869221647	0.0001152337305268	1.43002332226225	0.0095185366374031	0.0072634319499749	1.31047371310969	0.008	0.0	1.10600233949438	0.572463077673149
GOT1	NCOA3	False	False	True	0.2668652781539078	-0.9281436043527969	2	-2.83250541170643	8.540074131942991e-205	False	0.0007449857406396	0.0102468560782487	0.001877681687979	0.0018727402386654	1.00263861971431	0.021191126526549	0.0217855446641852	0.972715020588243	0.453	0.88	0.918300697470178	0.331369691034212
GOT1	PSIP1	False	False	True	-0.328866730983273	0.9200279408406569	4	-0.66295351324116	6.8804793072752e-17	False	7.23780732685593e-05	0.0027945971122496	0.0005678017704645	0.0003037530624755	1.86928739363823	0.0101061490427936	0.0074073730288885	1.36433645279911	0.002	0.0	0.662324291013986	0.029207208787158
GOT1	SNRNP70	False	False	True	0.506914537523988	-0.7393513349491155	2	0.88527848715798	9.87258693700663e-28	False	0.0018687426490897	0.0109455053563111	0.0002599577304634	0.0001372532748081	1.89400020383341	0.0087721344877931	0.0054842443345456	1.59951562196763	0.0	0.0	0.545140226281622	0.0016490218889434
GOT1	PRKAB2	False	False	True	0.4410845072395244	0.8565516700528207	3	-1.46686393150303	7.1853363017126e-28	False	0.0011178305666712	0.0069864927806241	0.002132079730821	0.0009056401132899	2.35422404499706	0.0108405936604989	0.0074158356842156	1.46181686354954	0.0	0.0	0.503870569616634	2.77439578170665e-12
GOT1	MED14	False	False	True	0.8852349787942172	-0.012341833916785092	2	-1.06643605221266	6.98150002890557e-21	False	0.0004248599853972	0.0076851420586865	0.0004504666579971	0.0002073352140237	2.17264906069244	0.0104697338166036	0.0073318496480241	1.42797988491554	0.004	0.0	1.21824707710437	0.250941730353721
GOT1	NFATC2	False	False	True	-0.0416338185328924	-0.6318729514608107	7	-2.18442130434378	1.46114168314636e-05	False	0.0003018886092561	0.003493246390312	0.0007297715715656	0.0005669310892275	1.28723152678047	0.0158830373451439	0.0142611669352051	1.11372634632969	0.0	0.0	0.470042873518832	3.66346110399883e-18
GOT1	CUL2	False	False	True	0.9187779234858865	0.37474195564507196	3	-0.731072994426862	1.28650802892274e-11	False	0.0007022293196252	0.0083837913367489	0.0042338774491302	0.0019163424630581	2.20935325013551	0.009330595795344	0.0063048436565528	1.47990914662039	0.0	0.0	0.968068423319097	0.923993670356276
GOT1	NR3C1	False	False	True	-0.6336053233826124	0.5669915702759061	5	-6.23960996901591	1.08927040904652e-119	False	0.0023288716958538	0.0144387517466232	0.0035337340614694	0.0031878652842762	1.10849541820326	0.0192598317713363	0.0186444662878273	1.03300526140085	0.068	0.129	0.942851501092892	0.493774159642909
GOT1	OGT	False	False	True	-0.8638925576731746	0.4458267193929995	2	0.794732357972916	3.2300308994795e-24	False	0.0018191713573734	0.0067536096879366	0.0012993850811759	0.0009669113742777	1.34385127297369	0.0109189090620079	0.008878946783037	1.2297527318069	0.004	0.0	0.503311389138286	6.636216756655811e-09
GOT1	NFIC	False	False	True	0.31186294986604235	-0.9387745471836177	3	1.96587754562413	4.1547395769726297e-128	False	5.09172552185758e-05	0.0013972985561248	0.0020978940542675	0.0015373767210082	1.36459335281966	0.013953330470528	0.0123072031266566	1.13375316283729	0.0	0.0	0.719087234531684	0.0005834663639901
GOT1	NCOA1	False	False	True	0.9742238891190945	0.15064835727784237	4	0.350610599696593	0.0015651157298211	False	0.0008166535458091	0.0104797391709362	0.0036237437123198	0.0035997652879999	1.00666110771161	0.0260095634396942	0.0263431534003317	0.98733674911397	0.433	0.634	1.64036054897249	8.399334941384591e-09
GOT1	PSMA4	False	False	True	-0.10665242458694964	-0.9626668948285756	2	0.856319724181384	3.12520990544812e-28	False	0.0002428442489715	0.0053563111318118	0.0004597253861025	0.0001717155978891	2.67724884491415	0.0099554512565415	0.006229450240966	1.59812678028512	0.0	0.0	0.391075359338184	0.0064500022851996
GOT1	HDAC1	False	False	True	0.013892899727916	0.1304062185913431	36	1.02236849067477	1.10322455714058e-41	False	0.0256934636358854	0.0540288775034932	0.0365489409099072	0.0410187423665854	0.891030265708015	0.0802189794040668	0.0884542411794096	0.906898056378785	1.0	1.0	1.21181049555007	0.661480699558975
GOT1	COMMD4	False	False	True	0.6580703632273877	-0.66715093488817	5	-0.82323307257781	1.80868684051972e-10	False	6.75245101886705e-05	0.0027945971122496	0.0009217034149149	0.0006964934705243	1.32334824936845	0.0178695023775502	0.0161916308825003	1.10362584888612	0.0	0.0	0.350810632135084	2.51802053069148e-33
GOT1	ITCH	False	False	True	-0.14839134914960475	-0.9287628221100723	3	-2.18681641156009	3.7298818792293e-171	False	0.0014689484143282	0.0093153237074988	0.0055124756202887	0.0047219209189362	1.1674222662608	0.0088632780802806	0.0070591175865974	1.25557875634607	0.076	0.0	0.907704332757245	0.602024148010694
GOT1	APPBP2	False	False	True	0.14059402007448352	-0.9691112321418315	4	0.545003299247486	3.61204486636261e-07	False	0.0012283828750563	0.0058220773171867	0.0036738661398452	0.0033272911662991	1.10416130005584	0.011197943513849	0.0083694450878703	1.33795531200485	0.271	0.0	0.258445148507333	1.96065023500804e-28
GOT1	MDM2	False	False	True	-0.4402358667106689	-0.2696094104700361	16	-0.217018650949934	0.0039017356820614	False	0.0173119577858483	0.0430833721471821	0.0073980304515911	0.0074436006560347	0.993877935350195	0.0404611128430813	0.0440224928297183	0.919100901432079	0.547	1.0	0.738593914435065	0.0744765713400201
GOT1	RANBP9	False	False	True	0.7766832240991375	-0.509891220619777	3	-0.525231921968577	3.38181682290668e-08	False	0.0014555054763182	0.0088495575221238	0.0005763060811869	0.0004550927603446	1.26634860275619	0.0130004275249031	0.011240495049514	1.15657072643479	0.043	0.003	1.23166910228201	0.0849745060512353
GOT1	PPP2CA	False	False	True	-0.26558274167766693	-0.9174571394985084	2	-1.09226790464711	4.20723387484591e-43	False	0.0030133850268187	0.0132743362831858	0.0003203103204207	0.0001958480969217	1.63550386986237	0.0092384124050431	0.0072792123509987	1.2691500068377	0.0	0.0	0.835131572710932	0.186927771774681
GOT1	SET	False	False	True	-0.30856938849631993	-0.9122977552734263	3	-0.0226952680189209	0.707991021689757	False	0.0015741643008434	0.0081509082440614	0.0009802561969741	0.0007098558665852	1.38092286493261	0.0148269748865698	0.0134432769557997	1.10292861891632	0.0	0.0	0.524934534668726	8.13260032398384e-14
GOT1	RPS3	False	False	True	0.9507134007764416	0.22608368771175416	2	0.866948697640575	8.662890319095089e-69	False	0.0004211767002375	0.0069864927806241	0.0002477795636552	0.0001388137098699	1.78497904772812	0.0104384474858132	0.0082672865662832	1.26262074044761	0.0	0.0	0.864745065020058	0.225109173162812
GOT1	SP1	False	False	True	-0.11667878392748554	-0.09667524127407752	20	-0.733707104214519	4.5131323926585794e-18	False	0.0037986870529226	0.0193292966930601	0.0196699838984055	0.0233036007759053	0.844074874417831	0.0532251245882139	0.0558659793640479	0.952728748231102	0.892	0.772	1.84532781726227	5.06435537911274e-07
GOT1	AURKA	False	False	True	-0.1951080404365788	-0.6013873014901923	7	-1.9878293807261	4.9601984832674404e-65	False	0.0003527932212748	0.0044247787610619	0.0033281656611437	0.0028289367068857	1.17647229541856	0.0207952252352077	0.0222541102795371	0.93444424306323	0.0	1.0	0.525831762725695	5.58802454860896e-12
GOT1	DDIT3	False	False	True	0.8192609688606002	0.49185582649110277	5	-0.0717912266706043	0.489651959508823	False	0.0013992174707391	0.0067536096879366	0.0042874739811402	0.0042423174689888	1.01064430290318	0.0261927428923054	0.0217825453851277	1.20246474547409	0.445	0.002	1.18886326339518	0.115453595745257
GOT1	IRF5	False	False	True	0.29363023237233116	-0.843574262367314	3	-1.39163236637464	9.03388222409983e-17	False	0.0007716804163924	0.003959012575687	0.0014573212463225	0.0010856346147191	1.34236807353418	0.0111192589141429	0.0073653387343797	1.50967379982684	0.236	0.0	0.957917419884188	0.922973712165811
GOT1	UXT	False	False	True	-0.35993781201906616	0.9393128140570057	3	-0.14650322366866	0.333896375672197	False	0.0002006114692904	0.0041918956683744	0.0001797542809292	0.0001027752255753	1.7490040028909	0.0081154996171592	0.0068419599892783	1.18613666696044	0.013	0.052	0.795981655146115	0.390031846115289
GOT1	PSME3	False	False	True	0.10708172955270641	0.9457922919125258	2	0.242192810212101	0.0008571790050103	False	0.0014345163411961	0.0086166744294364	0.0012734170637689	0.0005335896736505	2.38650994697263	0.0107719138763213	0.007476080333598	1.4408504718591	0.0	0.0	0.499004596919395	7.18898770296252e-11
GOT1	TXN	False	False	True	-0.7903830816986559	0.4288697626133942	2	-0.970162549398845	3.11914092564003e-28	False	0.0002340516392877	0.0041918956683744	0.0004470836222892	0.0002717635454281	1.64511992064625	0.0112048670358618	0.0089508447231327	1.25182230084986	0.0	0.0	0.694958970400259	0.0017485066296848
GOT1	VHL	False	False	True	0.9527611900610493	0.32281358157886697	5	0.559225892021416	2.5422836782774497e-11	False	0.003850917011472	0.0183977643223102	0.0007051890195853	0.0005346568105685	1.318956395291	0.0150876060372704	0.0141931738512785	1.06301847601982	0.0	0.023	0.578509666812505	2.09404892426044e-10
GOT1	CDK2	False	False	True	0.8411019841785402	-0.5821344772104473	2	-0.944298720019982	3.50601414787796e-16	False	0.0102643971507587	0.0328365160689334	0.0032627363492884	0.0030547500631002	1.06808618770502	0.0207825701618498	0.0205450139080727	1.01156272051409	0.084	0.295	0.488018040212716	3.98855465961643e-16
GOT1	SIAH1	False	False	True	-0.015283598650360438	-0.9887576501115479	4	0.82591017441105	1.10735733410658e-12	False	0.004642275727729	0.0170004657661854	0.001686460221822	0.0013899513367775	1.21332321297804	0.014621626589295	0.0148057295977308	0.98756542139848	0.001	0.731	0.271155920008143	5.34510246550086e-50
GOT1	COMMD8	False	False	True	0.8246679710813514	-0.5347203521621704	5	-0.567311936265888	0.0017188599651116	False	4.58584470979359e-05	0.0027945971122496	0.0009217034149149	0.0006964934705243	1.32334824936845	0.0178695023775502	0.0161916308825003	1.10362584888612	0.0	0.0	0.350810632135084	2.51802053069148e-33
GOT1	SUZ12	False	False	True	0.7437093039333581	0.5259181651420829	4	-0.534596496093819	2.14827749548112e-10	False	0.0199561723370929	0.0489054494643689	0.0010086234938039	0.0007176202094855	1.40551155119652	0.0119206346264608	0.0099376295887995	1.19954507460173	0.0	0.0	0.851103617821358	0.0950378221930742
GOT1	NFIX	False	False	True	-0.8347226464240612	0.5072823949937958	9	4.61960348876337	0.0	False	0.0007264329310409	0.0025617140195621	0.0039155394169322	0.0032725181298103	1.19649128335286	0.0163199380585981	0.0145645284065641	1.12052636398737	0.005	0.0	0.826893905433818	0.0369484629435136
GOT1	FOXJ2	False	False	True	0.35997129847530984	-0.464369692333662	8	-1.30166923603124	4.569689339170391e-31	False	0.0024593431505726	0.0121099208197485	0.008418620482455	0.009148882049262	0.92018024028784	0.0250919567534417	0.026776175729698	0.937100092512902	0.983	1.0	0.414143717981977	4.6510034326229895e-18
GOT1	BRCA1	False	False	True	0.1042938716315474	-0.9352568907477159	8	-1.84401754558121	9.34447049035991e-63	False	0.0022788857293502	0.0160689333954355	0.0030525635322286	0.002842017825084	1.07408317614559	0.023521606209745	0.0242006937350499	0.971939336419874	0.081	0.93	0.725024994548503	0.0020211893839879
GOT1	COMMD1	False	False	True	0.6927535941286435	-0.5654953106897417	5	-0.492795601206552	0.0123793458030316	False	0.0006230413403729	0.0062878435025617	0.0015946965638441	0.0014558767168806	1.09535137512261	0.0212788301533338	0.0203556028048881	1.04535495004962	0.071	0.037	0.356420210071352	1.5848652782184001e-32
GOT1	MED23	False	False	True	0.8681672472598624	0.5734756313815574	3	0.248503761079387	0.0316845267465558	False	0.0010177361415878	0.0090824406148113	0.0013462635378582	0.0012763735493706	1.05475668821413	0.0136503638167406	0.0136267634160035	1.00173191535045	0.297	0.479	0.934630284268261	0.50531354822301
GOT1	RPS6KA5	False	False	True	0.4538785971724735	-0.6458447922019563	5	0.251762846504598	0.240929290785027	False	9.6768448263832e-05	0.0023288309268747	0.0004200158150495	0.0003029757337013	1.38630183321365	0.010565656946604	0.0093568532276823	1.12918912902742	0.008	0.018	0.821348429085178	0.129991746115783
GOT1	CCNG1	False	False	True	0.862640613082428	0.1177507901150967	2	1.97442613945503	8.110338310441011e-120	False	8.94944865270744e-05	0.0023288309268747	0.0008937527061249	0.0004901813283256	1.8233103842977	0.0106521692347003	0.0073779901348054	1.44377656246097	0.017	0.0	0.652059506590381	0.0002388238267525
GOT1	SMAD2	False	False	True	0.7853635823823278	-0.6798449465534174	12	-0.932841653397162	4.70036155291304e-27	False	0.0076145218355368	0.024219841639497	0.0094122974886891	0.0099653566396948	0.944501820556757	0.0336292830800323	0.037096051936617	0.906546150449971	0.946	1.0	0.521208959093245	1.31797323982991e-06
GOT1	MAPK1	False	False	True	0.8295378526060773	-0.457866525863869	9	-0.591048335101805	3.80534375717163e-17	False	0.0052991549516726	0.0183977643223102	0.0089734148908353	0.0145638767075448	0.616141915441142	0.0209798311744458	0.0216747397503371	0.967939242459392	1.0	0.961	0.706633299375456	0.0001484020215619
GOT1	TP53	False	False	True	-0.07252648625064427	0.1028674585441653	28	0.19430270080352	0.0080827699159202	False	0.0518613122956436	0.0794131346064276	0.0366298951067358	0.0417043369755786	0.878323401429105	0.076450815403679	0.0854229436823401	0.894968167896139	1.0	1.0	0.391411627688215	5.01113560136749e-16
GOT1	PCGF2	False	False	True	-0.48902905816727615	0.7536482564528172	2	1.25995805335866	5.997997997080841e-35	False	0.0001502595354264	0.0041918956683744	0.0008291364653843	0.0007144248331903	1.16056501239141	0.0075597401021155	0.0053981324708423	1.40043619584162	0.199	0.008	0.801790137134796	0.724835484827628
GOT1	MED6	False	False	True	-0.8690118151410261	-0.46568884862441107	3	-0.885997146511352	1.17320887824744e-07	False	0.0002573244748323	0.0065207265952491	0.0002242158658595	0.0001325165793576	1.69198350082958	0.0106904892870341	0.0083524837017482	1.27991740765642	0.0	0.0	0.353369075576073	1.13738338990722e-22
GOT1	PKM	False	False	True	-0.49651588499087457	-0.8482300242166994	4	0.158189105971186	0.0044291296802927	False	0.0008741967432396	0.0069864927806241	0.0002106839638477	0.0001080218661597	1.95038255991707	0.0084106779572004	0.0058226709496587	1.444470764348	0.0	0.0	0.740208285305765	0.143309284223095
GOT1	EEF2	False	False	True	0.8449488606942709	0.27442097503625273	3	2.14110284284494	0.0	False	0.0002454786161208	0.0044247787610619	0.0001647869221647	0.0001152337305268	1.43002332226225	0.0095185366374031	0.0072634319499749	1.31047371310969	0.008	0.0	1.10600233949438	0.572463077673149
GOT1	HSP90AB1	False	False	True	0.6648690298874915	0.7725418316277837	6	1.27587306331474	6.78019157818712e-152	False	0.0098193444114718	0.0291103865859339	0.000812992542369	0.0008062593446724	1.00835115616477	0.0151795764991463	0.0148920457403338	1.01930767362833	0.449	0.224	0.867406909827343	0.109386665365924
GOT1	KDM2A	False	False	True	-0.9184750840896967	0.05484440972616155	2	-0.997104502558447	4.44260748767338e-41	False	0.0001144649058489	0.0025617140195621	0.0008958259188775	0.0006017920923412	1.48859702591375	0.0105487576010517	0.0082449013552061	1.27942799393116	0.004	0.0	0.957585815238472	0.784490137290503
GOT1	MAPK10	False	False	True	0.36989378663772865	-0.9373880669733093	6	-1.41465877602191	0.0071729961348239	False	0.0003223403287201	0.0053563111318118	0.000309331122231	0.0002430902510663	1.27249497202834	0.0101151549528107	0.0085264542119113	1.18632607428771	0.055	0.0	0.71649501319982	0.0113227614315884
GOT1	NFYB	False	False	True	-0.020674615816418915	0.983527850813306	2	-0.98479218253161	7.82346285682545e-14	False	0.0008691259381445	0.0027945971122496	0.0015887637016903	0.000357444967803	4.44477848284042	0.010429842374402	0.005827159391015	1.78986735638017	0.0	0.0	0.465058708579728	0.0026906262986574
GOT1	MED15	False	False	True	0.17066086606552566	-0.9696698628222533	3	-1.18521603176018	1.23047922898907e-37	False	0.0008525668806255	0.007918025151374	0.0001941565595661	0.0001279260259116	1.51772524927896	0.0096851274830505	0.0073902715938672	1.31052389077117	0.013	0.001	0.986241445792849	1.0
GOT1	MTA1	False	False	True	-0.21137663798702422	-0.9513762486121168	7	0.46697956834689	1.15191985791163e-09	False	0.0006916262255533	0.007918025151374	0.0003329167126275	0.0002635365839502	1.26326564470649	0.009445620135443	0.007933590543823	1.19058578625504	0.04	0.003	1.0901411577071	0.530206503301233
GOT1	MYC	False	False	True	-0.42471240006275457	-0.5044608633822596	17	0.678826795642739	2.0942350848026002e-26	False	0.0473939593756431	0.0707964601769911	0.004929063797523	0.0054551067255892	0.903568719270217	0.0317025552518012	0.0352001259635711	0.900637551257926	0.99	1.0	0.602815494846679	5.72318236969484e-08
GOT1	KMT2C	False	False	True	-0.8922930801100906	-0.1786482945515193	2	-0.253748542970305	0.0081069077292841	False	8.84568228247536e-05	0.0027945971122496	0.000392961464836	0.0003142351347327	1.2505331880544	0.0086781118758891	0.0078758903019591	1.10185789074924	0.176	0.245	1.12994763203444	0.621168248232203
GOT1	SMARCB1	False	False	True	0.679039822173685	0.5971205032109159	3	-0.0949459545664373	0.302087032651773	False	0.0006280230161515	0.007452258965999	0.000563670578828	0.0002974388708039	1.89508041536219	0.0093619494870639	0.0065904947659897	1.42052301374644	0.0	0.0	0.999379718510097	1.0
GOT1	PSMA7	False	False	True	0.8186323147196042	0.38250673209187075	2	-0.947200026832944	4.43167753305211e-51	False	0.0006457436596174	0.0072193758733116	0.0004597253861025	0.0001717155978891	2.67724884491415	0.0099554512565415	0.006229450240966	1.59812678028512	0.0	0.0	0.391075359338184	0.0064500022851996
GOT1	PSMA3	False	False	True	-0.9692491498294804	-0.11713869860140777	2	-0.874307867845267	6.4547294903690594e-18	False	0.0035466696002153	0.0135072193758733	0.0060098168588746	0.0051342617959259	1.17053183062139	0.0133303788139269	0.0117089488575676	1.1384778408449	0.004	0.0	0.453507742442024	1.34791696529361e-19
GOT1	CEBPG	False	False	True	-0.27552011868706267	0.8872104478160221	6	-0.799638377875635	7.43142461235931e-28	False	7.91143879283136e-06	0.0018630647414997	0.0002800001447578	0.000176139945931	1.58964591068602	0.0126946700016638	0.0096589528992861	1.31429049649905	0.0	0.0	0.392358275229411	9.66901057780688e-21
GOT1	MUC1	False	False	True	-0.5009150597125022	0.669935016193941	3	-6.25246566863498	5.34938816483391e-50	False	9.48539483258095e-05	0.0041918956683744	0.0001258271670121	9.54772830604101e-05	1.31787544616854	0.0089911813350743	0.00710944221971	1.26468168067354	0.081	0.003	1.16817047374775	0.344081616575759
GOT1	EPC1	False	False	True	-0.7837390192594431	-0.3493007131639473	3	0.0020735792054063	0.990544384696952	False	0.0004028766901714	0.0032603632976245	0.0012991012288141	0.000558826700298	2.32469427126728	0.0119141392601228	0.007757991633201	1.53572468538573	0.0	0.0	0.398463778682293	6.05356392165289e-14
GOT1	EZH2	False	False	True	0.870189611993342	0.4338377536750936	2	-0.943785813606321	4.5971087431871705e-15	False	0.0002661162925857	0.0062878435025617	0.0003043415799065	0.000223998241161	1.35867843572843	0.0097128617273906	0.0082535625268953	1.17680840191614	0.002	0.0	0.823152580185601	0.101870789556313
GOT1	XBP1	False	False	True	0.8884352633598516	-0.37623802820206054	2	-0.307952353296411	3.27695094655153e-07	False	2.73342694838384e-05	0.0011644154634373	0.0013391291976918	0.0004608798828449	2.90559264471608	0.0093825876575307	0.005007445659869	1.87372730426719	0.036	0.019	0.686197717145059	0.789199060139318
GOT1	POGZ	False	False	True	-0.16318908702211574	0.9034622883855479	6	0.232697888377665	0.0214861194579868	False	0.0005714258503013	0.0048905449464368	0.002508911208188	0.0035879031665521	0.699269487420141	0.0168688484187518	0.018518496333808	0.910918905870096	1.0	1.0	0.337630816942065	8.946220198331121e-35
GOT1	MTDH	False	False	True	0.7370816829616391	0.6695769318034444	4	-0.114060981454154	0.0981994167984683	False	2.75879344060631e-05	0.0018630647414997	7.36225966001307e-05	3.8025923759378e-05	1.93611592622977	0.0077313832754787	0.0051191712011356	1.51028027227602	0.012	0.0	0.623917546011597	0.174917111697402
GOT1	GLRX3	False	False	True	-0.751244950035069	-0.639288084128485	4	-1.1121291070967	4.6153564857813995e-34	False	0.0009872506390358	0.0044247787610619	0.000836771079688	0.0007834631326831	1.06804142375196	0.0127958958521988	0.0130913683018927	0.977429979595697	0.118	0.857	0.200938919935697	3.25140164112891e-71
GOT1	APP	False	False	True	-0.353266160588879	-0.6336524326895495	16	-1.04508529532299	3.44863339135956e-95	False	0.0547141813937033	0.0689333954354914	0.0186888504353154	0.0222600035869133	0.839570863605009	0.0292080215615503	0.0314437206179471	0.928898393305252	1.0	1.0	0.477355691877934	6.430758638596e-12
GOT1	TUBA1A	False	False	True	0.7760964936963527	-0.4432066881110016	3	0.498953767023121	0.0308372159408256	False	0.0005047634883736	0.0060549604098742	0.000196724858318	0.0001282437586008	1.53399167697735	0.0066634685476342	0.0056636658040888	1.17652926181197	0.021	0.025	0.685306435810378	0.120791549690571
GOT1	CBX5	False	False	True	-0.028551376962749977	0.9698619163827311	3	-0.289029419421958	3.55198843084902e-05	False	0.0096778623564986	0.0195621797857476	0.0162297832731536	0.0180513860900726	0.8990879255571	0.0145009076488835	0.0152316774849821	0.952023023280324	0.999	0.993	0.203756505273274	4.8129202563632896e-70
GOT1	SMAD4	False	False	True	0.058436455538009024	0.5391040930087899	16	-0.344289037378692	0.0008306036986998	False	0.0044899890766657	0.0183977643223102	0.0094127797368402	0.0108400689642268	0.868332089759142	0.0406250523411261	0.047407687268903	0.856929639083534	1.0	1.0	0.500085407559948	2.90856540224447e-06
GOT1	KPNA2	False	False	True	0.733448578268716	0.6110881834109929	6	-0.082328974307179	0.377928835117374	False	0.0025689424836656	0.0090824406148113	0.002234004326699	0.001508209806919	1.4812291475962	0.0125825761679499	0.0103463082793111	1.21614162542504	0.0	0.0	0.530009356391149	2.2918999054127598e-11
GOT1	TBP	False	False	True	0.9783726219654	0.20053937137191646	12	-0.23520031468886	0.178977801209759	False	0.0039398993446175	0.0139729855612483	0.0058288788721326	0.0060528264806538	0.963001151736794	0.0285938648321289	0.0299855520472604	0.95358807425196	0.774	0.997	0.70009983757852	0.0042898316340246
GOT1	UBE2I	False	False	True	-0.0826527908426978	0.2813018423847952	23	0.541353485949131	7.71955154642246e-11	False	0.0122981508050461	0.0353982300884956	0.0164140311677815	0.0184245725828743	0.890877174705175	0.0515007433336719	0.0573480121188523	0.898038858381663	1.0	1.0	0.765696891753986	0.0985209184705441
GOT1	MAPK8	False	False	True	0.767741978884755	-0.564740951661269	6	-0.407061251056666	0.0006688536814034	False	0.0047464632731278	0.0172333488588728	0.0099272281677327	0.0109706841386614	0.904886882373047	0.0288653853296517	0.0296336403180998	0.974074903380033	0.997	0.92	0.544189563068988	9.90635806870009e-08
GOT1	NOTCH1	False	False	True	-0.3854002451540922	-0.8671707312925189	8	-1.16109058538286	3.90524100740226e-33	False	0.0080280598858332	0.0267815556590592	0.001442396138	0.0014892025845646	0.968569456533501	0.0166836528415352	0.016418772932132	1.01613274697799	0.614	0.29	0.69564399338548	3.60165486495499e-05
GOT1	PRMT1	False	False	True	-0.8577036903684664	0.5071511801961778	4	-0.0825076499407509	0.272111015933026	False	0.0015302191096556	0.0114112715416861	0.0012709982598962	0.0008230433712934	1.54426644357612	0.0122509495386969	0.0098754650264622	1.24054406611429	0.004	0.0	0.899531007991143	0.371309116983602
GOT1	KAT2A	False	False	True	0.5064685006841447	-0.8750893802163436	3	2.11419943808638	1.17979080193173e-98	False	0.0008209649372569	0.0072193758733116	0.0013819656140649	0.0012536787371827	1.10232835022038	0.0162255088867579	0.0161028094865285	1.00761975109574	0.19	0.428	1.23595370454041	0.0189030060248197
GOT1	LDOC1	False	False	True	0.9173514485870905	0.25295266453837945	2	2.66486400271211	5.29103651941051e-147	False	0.0017187664848866	0.0088495575221238	0.0003565526657929	0.00021876268071	1.62986056230294	0.0070485185073025	0.0051686359132219	1.36370961809704	0.005	0.002	0.646014670787798	0.0687670967856426
