Gene	edge	fisher_test_edge_OR	fisher_test_edge_pvalue	SNP-path	XYs-edge	druggable
GPATCH2	ENHA_FOXA1;PIAS1	0.560649613019632	8.530537053595169e-11	False	((1.1, -0.935), array([-0.93361078, -0.32206063]))	False
GPATCH2	ENHA_PRDM1;PIAS1	0.520741406551245	3.3915093298558e-14	False	((1.1333333333333335, 0.27500000000000013), array([-0.93361078, -0.32206063]))	False
GPATCH2	ENHA_STAT1;PIAS1	0.53511923053196	9.30957142534447e-13	False	((1.1, 0.55), array([-0.93361078, -0.32206063]))	False
GPATCH2	ENHA_TCF7L2;MAD2L2	0.599473262914455	0.0008674961728319	False	((1.1, 0.7150000000000001), array([-0.3962022 ,  0.76426592]))	False
GPATCH2	BCL11B;ENHA_NR2F1	0.350260236418065	8.8215712467223e-33	False	(array([-0.53875969,  0.79687607]), (1.1333333333333335, 0.1100000000000001))	False
GPATCH2	ENHA_ATF6;SREBF2	0.62076649674565	0.0211971135977526	False	((1.1, -1.1), array([-0.76849789, -0.5893631 ]))	False
GPATCH2	ENHA_ATF6;NFYC	0.726984458436469	0.112094816315123	False	((1.1, -1.1), array([0.46317841, 0.89017816]))	False
GPATCH2	ENHA_FOXA1;HMGA1	0.562703381330725	4.7867529593585894e-11	False	((1.1, -0.935), array([-0.42028052,  0.74592732]))	False
GPATCH2	ENHA_POU2F2;HMGA1	0.576474137536831	2.18590148190167e-08	False	((1.1, 0.2200000000000002), array([-0.42028052,  0.74592732]))	False
GPATCH2	ENHA_IRF1;HCFC1	0.491267733577423	1.5882207311908201e-15	False	((1.1666666666666667, -0.66), array([-0.69863338,  0.66920206]))	False
GPATCH2	ENHA_MEF2A;MEF2D	0.49550816812007	1.93221712760917e-13	False	((1.1666666666666667, -0.16499999999999992), array([ 0.95759875, -0.23374985]))	False
GPATCH2	ENHA_TCF7L2;FOXM1	0.563696845283849	4.67898308819188e-07	False	((1.1, 0.7150000000000001), array([ 0.70535943, -0.60541913]))	False
GPATCH2	BRCA1;ENHA_STAT1	0.534328131770528	4.7251068399821e-13	False	(array([0.23108076, 0.66293729]), (1.1, 0.55))	False
GPATCH2	ENHA_STAT1;RXRA	0.489527163313552	2.66482918517156e-16	False	((1.1, 0.55), array([-0.90924603,  0.37208248]))	False
GPATCH2	ENHA_TCF7L2;XRCC6	0.604486430901069	6.08005226627621e-06	False	((1.1, 0.7150000000000001), array([0.93561777, 0.39241327]))	False
GPATCH2	ENHA_POU2F2;XRCC6	0.649588208607974	1.48889882446694e-05	False	((1.1, 0.2200000000000002), array([0.93561777, 0.39241327]))	False
GPATCH2	ENHA_TCF7L2;XRCC5	0.607016757510391	7.9897297734606e-06	False	((1.1, 0.7150000000000001), array([-0.46439612,  0.80152632]))	False
GPATCH2	ENHA_ATF6;RFWD2	0.847467255372189	0.690901201610929	False	((1.1, -1.1), array([-0.92757657, -0.16101326]))	False
GPATCH2	BIRC3;ENHA_IRF1	0.587463149222757	9.57296373577607e-08	False	(array([ 0.81877929, -0.55929571]), (1.1666666666666667, -0.66))	False
GPATCH2	ENHA_TWIST1;STAT3	0.465932842449778	2.0080014737186197e-11	False	((1.1333333333333335, 0.935), array([-0.93597363,  0.26090816]))	False
GPATCH2	ENHA_STAT1;STAT3	0.544236487769386	1.84725448055452e-11	False	((1.1, 0.55), array([-0.93597363,  0.26090816]))	False
GPATCH2	EHMT2;ENHA_KLF6	0.230496110417383	4.32726569837655e-39	False	(array([-0.60917101, -0.71891602]), (1.1666666666666667, -0.495))	False
GPATCH2	ENHA_E2F6;KDM5C	0.356823437334385	7.341355471553641e-21	False	((1.1666666666666667, -0.9900000000000001), array([0.73643424, 0.29524085]))	False
GPATCH2	ENHA_IRF1;KAT2A	1.02964364182627	0.770303303220022	False	((1.1666666666666667, -0.66), array([-0.76986591, -0.28550462]))	False
GPATCH2	ENHA_IRF1;NPM1	0.535547907667116	3.5602879440971e-12	False	((1.1666666666666667, -0.66), array([ 0.5842209 , -0.59737541]))	False
GPATCH2	ENHA_IRF1;MDM2	0.544633596261667	2.3517912485879798e-11	False	((1.1666666666666667, -0.66), array([-0.72084336,  0.00699834]))	False
GPATCH2	DAXX;ENHA_TCF7L2	0.837256868699314	0.213188147424395	False	(array([ 0.8616399 , -0.23493355]), (1.1, 0.7150000000000001))	False
GPATCH2	COMMD1;ENHA_E2F6	0.412272316829177	1.3238894590686399e-18	False	(array([ 0.98710521, -0.00410675]), (1.1666666666666667, -0.9900000000000001))	False
GPATCH2	COMMD8;ENHA_E2F6	0.412974525885987	7.993031067542649e-18	False	(array([ 0.71329791, -0.72934387]), (1.1666666666666667, -0.9900000000000001))	False
GPATCH2	COMMD4;ENHA_E2F6	0.412974525885987	7.993031067542649e-18	False	(array([-0.75687054,  0.58935942]), (1.1666666666666667, -0.9900000000000001))	False
GPATCH2	COMMD6;ENHA_E2F6	0.427053324876297	2.86856678422633e-16	False	(array([-0.05792058, -0.94339639]), (1.1666666666666667, -0.9900000000000001))	False
GPATCH2	ENHA_POU2F2;FOXJ2	0.624059924551162	1.72398273265455e-06	False	((1.1, 0.2200000000000002), array([ 0.95604724, -0.26383737]))	False
GPATCH2	CHD3;ENHA_MAFG	0.651349027199416	3.41160600626918e-05	False	(array([0.68046999, 0.6472851 ]), (1.1, -0.275))	False
GPATCH2	CHD8;ENHA_CTCF	0.421729175294615	6.86095593476388e-14	False	(array([ 0.72489626, -0.05653966]), (1.1333333333333335, -1.0450000000000002))	False
GPATCH2	ENHA_STAT3;KHDRBS1	0.481252127676155	3.52927575124929e-08	False	((1.1333333333333335, 0.6050000000000002), array([0.69455715, 0.55862508]))	False
GPATCH2	CHD3;PROM_ZBTB7A	0.52754125903469	7.635867515489849e-11	False	(array([0.68046999, 0.6472851 ]), (-1.1333333333333335, 1.03125))	False
GPATCH2	CHD8;PROM_ZBTB7A	0.446512761981942	6.78502176111364e-16	False	(array([ 0.72489626, -0.05653966]), (-1.1333333333333335, 1.03125))	False
GPATCH2	KHDRBS1;PROM_ZBTB7A	0.505493266535525	1.66531856684039e-07	False	(array([0.69455715, 0.55862508]), (-1.1333333333333335, 1.03125))	False
GPATCH2	ENHA_NFKB2;NFKBIB	0.3431358077935	7.814770691754121e-20	False	((1.1, 0.05500000000000016), array([ 0.21442601, -0.69658563]))	False
GPATCH2	ENHA_NFKB1;NFKBIB	0.327847552145861	2.4263904298289e-28	False	((1.1666666666666667, 0.0), array([ 0.21442601, -0.69658563]))	False
GPATCH2	NFKBIB;PROM_ZBTB7A	0.357650828617809	4.20686345825513e-24	False	(array([ 0.21442601, -0.69658563]), (-1.1333333333333335, 1.03125))	False
GPATCH2	ENHA_TWIST1;KAT2B	0.482126666309864	5.97025842872099e-12	False	((1.1333333333333335, 0.935), array([-0.96253578,  0.04501288]))	False
GPATCH2	ENHA_IRF1;KAT2B	0.496197292987287	3.4669891758811e-15	False	((1.1666666666666667, -0.66), array([-0.96253578,  0.04501288]))	False
GPATCH2	ENHA_KLF2;KAT2B	0.286400204221028	1.67316125139681e-44	False	((1.1, -0.605), array([-0.96253578,  0.04501288]))	False
GPATCH2	ENHA_TCF3;KAT2B	0.301660035165941	2.0694703885842197e-42	False	((1.1666666666666667, 0.6600000000000001), array([-0.96253578,  0.04501288]))	False
GPATCH2	ENHA_TWIST1;KAT2B	0.482126666309864	5.97025842872099e-12	False	((1.1333333333333335, 0.935), array([-0.96253578,  0.04501288]))	False
GPATCH2	ENHA_RBPJ;KAT2B	0.499474279707271	4.42399629789476e-13	False	((1.1666666666666667, 0.33000000000000007), array([-0.96253578,  0.04501288]))	False
GPATCH2	PROM_ETV1;RFWD2	0.808661495414485	0.114248548009507	False	((-1.1666666666666667, -0.7562500000000001), array([-0.92757657, -0.16101326]))	False
GPATCH2	KAT2B;PROM_ETV1	1.11970542872117	0.327719296537167	False	(array([-0.96253578,  0.04501288]), (-1.1666666666666667, -0.7562500000000001))	False
GPATCH2	ENHA_FOXA1;NFIC	0.610263582461039	0.0001074331125517	False	((1.1, -0.935), array([0.18360458, 0.96677017]))	False
GPATCH2	ENHA_RBPJ;NFIC	0.517587167159286	1.1315070797787e-06	False	((1.1666666666666667, 0.33000000000000007), array([0.18360458, 0.96677017]))	False
GPATCH2	ENHA_FOXA1;NFIX	0.786681321710962	0.0354274674946186	False	((1.1, -0.935), array([-0.74260304, -0.61541558]))	False
GPATCH2	ENHA_RBPJ;NFIX	0.501786469565381	1.27610686359206e-07	False	((1.1666666666666667, 0.33000000000000007), array([-0.74260304, -0.61541558]))	False
GPATCH2	ENHA_RBPJ;NFIA	0.43616480734672	8.2943734008497e-09	False	((1.1666666666666667, 0.33000000000000007), array([0.92171158, 0.35180891]))	False
GPATCH2	PROM_NFIB;XRCC5	0.653079910836554	0.0001121160210237	False	((-1.1666666666666667, -0.13749999999999996), array([-0.46439612,  0.80152632]))	False
GPATCH2	NFIC;PROM_NFIB	0.583664494962947	1.48836877715004e-05	False	(array([0.18360458, 0.96677017]), (-1.1666666666666667, -0.13749999999999996))	False
GPATCH2	NFIX;PROM_NFIB	0.661312607479811	0.0005370243754998	False	(array([-0.74260304, -0.61541558]), (-1.1666666666666667, -0.13749999999999996))	False
GPATCH2	NFIA;PROM_NFIB	0.493477491310209	3.78172977517681e-07	False	(array([0.92171158, 0.35180891]), (-1.1666666666666667, -0.13749999999999996))	False
GPATCH2	HMGA1;PROM_ELF1	0.804392743736019	0.0512165981499361	False	(array([-0.42028052,  0.74592732]), (-1.1666666666666667, -0.9625000000000001))	False
GPATCH2	BACH1;ENHA_MAFF	1.07616304886412	0.613222145725278	False	(array([ 0.31259296, -0.9185193 ]), (1.1666666666666667, -0.32999999999999996))	False
GPATCH2	BACH1;ENHA_MAFK	1.13685234659463	0.300840172288058	False	(array([ 0.31259296, -0.9185193 ]), (1.1333333333333335, -0.21999999999999997))	False
GPATCH2	BACH1;ENHA_MAFG	0.933745036473105	0.750938986198335	False	(array([ 0.31259296, -0.9185193 ]), (1.1, -0.275))	False
GPATCH2	ENHA_MAFF;NFE2L1	1.12535355663556	0.543256839560896	False	((1.1666666666666667, -0.32999999999999996), array([ 0.9483643 , -0.11582293]))	False
GPATCH2	ENHA_MAFG;NFE2L1	1.01863019900623	0.914588157401639	False	((1.1, -0.275), array([ 0.9483643 , -0.11582293]))	False
GPATCH2	BACH1;PROM_MAFF	1.37272196815169	0.148629197036658	False	(array([ 0.31259296, -0.9185193 ]), (-1.1666666666666667, -0.34375))	False
GPATCH2	NFE2L1;PROM_MAFF	1.15065244384659	0.601907951727315	False	(array([ 0.9483643 , -0.11582293]), (-1.1666666666666667, -0.34375))	False
GPATCH2	ENHA_CTCF;KDM5B	0.287495726642885	3.65619236757853e-28	False	((1.1333333333333335, -1.0450000000000002), array([-0.8603458 , -0.37269638]))	False
GPATCH2	ENHA_TFAP2C;KDM5B	0.281449994439822	2.12204532406137e-35	False	((1.1, 0.8800000000000001), array([-0.8603458 , -0.37269638]))	False
GPATCH2	ENHA_LEF1;TLE1	0.74088919223365	0.0235120058910834	False	((1.1, -0.43999999999999995), array([ 0.70788742, -0.67243108]))	False
GPATCH2	PROM_SIX2;TLE1	1.75936436960166	0.0466637230572098	False	((-1.1666666666666667, 0.48124999999999996), array([ 0.70788742, -0.67243108]))	False
GPATCH2	FOXJ2;PROM_RFX1	0.791293112164195	0.345519901025905	False	(array([ 0.95604724, -0.26383737]), (-1.1666666666666667, 0.2749999999999999))	False
GPATCH2	ENHA_ATF6;SRF	0.878555717499259	0.697957537287296	False	((1.1, -1.1), array([ 0.07009501, -0.94342558]))	False
GPATCH2	ENHA_TEAD1;SRF	0.585399049530031	1.7414216220977e-05	False	((1.1333333333333335, 0.7700000000000002), array([ 0.07009501, -0.94342558]))	False
GPATCH2	BRCA1;PROM_ELK4	0.876448338095676	0.227324734163937	False	(array([0.23108076, 0.66293729]), (-1.1, -0.89375))	False
GPATCH2	PROM_ELK4;SRF	0.734109254974522	0.0129845945080944	False	((-1.1, -0.89375), array([ 0.07009501, -0.94342558]))	False
GPATCH2	ENHA_STAT3;PGR	0.351583366553579	2.44469443093976e-17	False	((1.1333333333333335, 0.6050000000000002), array([-0.83599087,  0.31203485]))	False
GPATCH2	PGR;PROM_KLF9	0.258649143779541	3.5388112783380996e-50	False	(array([-0.83599087,  0.31203485]), (-1.1333333333333335, -0.4125000000000001))	False
GPATCH2	ENHA_LEF1;STAT5A	1.30651400566097	0.160177820024314	False	((1.1, -0.43999999999999995), array([-0.64380517,  0.78125362]))	False
GPATCH2	ENHA_NFE2L2;TRIM28	0.761134874493615	0.0265785484467989	False	((1.1333333333333335, -0.05499999999999994), array([-0.74516391,  0.53605369]))	False
GPATCH2	DDB1;ENHA_MEF2A	1.10540609149727	0.425487588762312	False	(array([-0.90374538,  0.10348079]), (1.1666666666666667, -0.16499999999999992))	False
GPATCH2	DDB1;ENHA_STAT1	1.01711753995441	0.937654490078842	False	(array([-0.90374538,  0.10348079]), (1.1, 0.55))	False
GPATCH2	DDB1;ENHA_MEF2A	1.10540609149727	0.425487588762312	False	(array([-0.90374538,  0.10348079]), (1.1666666666666667, -0.16499999999999992))	False
GPATCH2	ACTN4;ENHA_MEF2A	1.09092454268993	0.462332639045639	False	(array([0.90009502, 0.48245966]), (1.1666666666666667, -0.16499999999999992))	False
GPATCH2	ACTN4;ENHA_STAT1	1.01711753995441	0.937654490078842	False	(array([0.90009502, 0.48245966]), (1.1, 0.55))	False
GPATCH2	ACTN4;ENHA_MEF2A	1.09092454268993	0.462332639045639	False	(array([0.90009502, 0.48245966]), (1.1666666666666667, -0.16499999999999992))	False
GPATCH2	ENHA_RBPJ;MBD1	0.873698774575012	0.500750667813108	False	((1.1666666666666667, 0.33000000000000007), array([-0.77145969, -0.43247282]))	False
GPATCH2	ENHA_STAT1;HSP90AB1	0.627587031041746	6.43971908750337e-06	False	((1.1, 0.55), array([0.34847706, 0.85756264]))	False
GPATCH2	ENHA_NFKB1;HSP90AB1	0.677242256934113	6.55467786441357e-05	False	((1.1666666666666667, 0.0), array([0.34847706, 0.85756264]))	False
GPATCH2	E2F1;ENHA_STAT1	0.908780367647115	0.345237999608375	False	(array([-0.44584087, -0.91430309]), (1.1, 0.55))	False
GPATCH2	E2F1;ENHA_NFKB1	0.949311077225817	0.739264861828965	False	(array([-0.44584087, -0.91430309]), (1.1666666666666667, 0.0))	False
GPATCH2	PIAS1;PROM_STAT1	1.3445656989617	0.0125663177616302	False	(array([-0.93361078, -0.32206063]), (-1.1, 0.7562500000000001))	False
GPATCH2	BRCA1;PROM_STAT1	1.21207123746952	0.11808113875445	False	(array([0.23108076, 0.66293729]), (-1.1, 0.7562500000000001))	False
GPATCH2	PROM_STAT1;RXRA	1.12229820611201	0.349388086529122	False	((-1.1, 0.7562500000000001), array([-0.90924603,  0.37208248]))	False
GPATCH2	PROM_STAT1;STAT3	1.06697104940457	0.656895758112521	False	((-1.1, 0.7562500000000001), array([-0.93597363,  0.26090816]))	False
GPATCH2	ENHA_STAT3;PROM_STAT1	0.878555717499259	0.697957537287296	False	((1.1333333333333335, 0.6050000000000002), (-1.1, 0.7562500000000001))	False
GPATCH2	PROM_STAT1;STAT5A	1.14416720870158	0.406366917827782	False	((-1.1, 0.7562500000000001), array([-0.64380517,  0.78125362]))	False
GPATCH2	PROM_STAT1;TRIM28	1.28754404341379	0.0443584508749079	False	((-1.1, 0.7562500000000001), array([-0.74516391,  0.53605369]))	False
GPATCH2	DDB1;PROM_STAT1	1.07227276949489	0.618488654785228	False	(array([-0.90374538,  0.10348079]), (-1.1, 0.7562500000000001))	False
GPATCH2	ACTN4;PROM_STAT1	1.07227276949489	0.618488654785228	False	(array([0.90009502, 0.48245966]), (-1.1, 0.7562500000000001))	False
GPATCH2	MBD1;PROM_STAT1	0.899113752071572	0.655034746674054	False	(array([-0.77145969, -0.43247282]), (-1.1, 0.7562500000000001))	False
GPATCH2	HSP90AB1;PROM_STAT1	1.09271942987185	0.50516243526261	False	(array([0.34847706, 0.85756264]), (-1.1, 0.7562500000000001))	False
GPATCH2	E2F1;PROM_STAT1	1.48190979113583	0.0045515855204502	False	(array([-0.44584087, -0.91430309]), (-1.1, 0.7562500000000001))	False
GPATCH2	CDK6;ENHA_SOX10	0.504483574693103	2.5177912400262203e-10	False	(array([0.78022239, 0.33377404]), (1.1, 0.385))	False
GPATCH2	CDK6;ENHA_SOX10	0.504483574693103	2.5177912400262203e-10	False	(array([0.78022239, 0.33377404]), (1.1, 0.385))	False
GPATCH2	CDK6;ENHA_MEF2D	0.522606708541451	4.61865077665641e-13	False	(array([0.78022239, 0.33377404]), (1.1, -0.10999999999999999))	False
GPATCH2	CDK6;PROM_MZF1	1.0502988070742	0.764558724768789	False	(array([0.78022239, 0.33377404]), (-1.1333333333333335, -0.20625000000000004))	False
GPATCH2	CBL;ENHA_STAT3	0.909624122641359	0.887885485114434	False	(array([ 0.67391058, -0.64364876]), (1.1333333333333335, 0.6050000000000002))	False
GPATCH2	CBL;PROM_MZF1	0.954162380639135	1.0	False	(array([ 0.67391058, -0.64364876]), (-1.1333333333333335, -0.20625000000000004))	False
GPATCH2	PROM_ETV5;RFWD2	0.822740264492517	0.11812641059841	False	((-1.1333333333333335, -0.61875), array([-0.92757657, -0.16101326]))	False
GPATCH2	CTBP1;ENHA_ZBTB18	0.45476138083597	8.889589099990021e-15	False	(array([-0.03302564, -0.32667927]), (1.1666666666666667, 0.9900000000000002))	False
GPATCH2	CTBP1;ENHA_TCF7L2	0.563018760681958	3.94228283454607e-07	False	(array([-0.03302564, -0.32667927]), (1.1, 0.7150000000000001))	False
GPATCH2	CTBP1;ENHA_KLF4	0.219088157672463	1.47323058121099e-64	False	(array([-0.03302564, -0.32667927]), (1.1333333333333335, -0.55))	False
GPATCH2	CTBP1;ENHA_ZBTB18	0.45476138083597	8.889589099990021e-15	False	(array([-0.03302564, -0.32667927]), (1.1666666666666667, 0.9900000000000002))	False
GPATCH2	CTBP1;ENHA_FOXP1	0.56880855396818	5.97170589102963e-11	False	(array([-0.03302564, -0.32667927]), (1.1333333333333335, -0.8800000000000001))	False
GPATCH2	CTBP1;ENHA_ZEB1	0.318473614662505	3.02891048421048e-38	False	(array([-0.03302564, -0.32667927]), (1.1, 1.0450000000000004))	False
GPATCH2	CTBP1;PROM_KLF4	0.393492523066777	6.40212092524756e-27	False	(array([-0.03302564, -0.32667927]), (-1.1666666666666667, -0.55))	False
GPATCH2	ENHA_GATA2;PSMA3	0.471654721165562	1.8900157918023197e-11	False	((1.1666666666666667, -0.8250000000000001), array([0.66929416, 0.77113897]))	False
GPATCH2	ENHA_GATA2;PSMA3	0.471654721165562	1.8900157918023197e-11	False	((1.1666666666666667, -0.8250000000000001), array([0.66929416, 0.77113897]))	False
GPATCH2	ENHA_TEAD3;YAP1	0.48361686859434	1.08479929134816e-09	False	((1.1666666666666667, 0.8250000000000002), array([0.05382   , 0.94807455]))	False
GPATCH2	ENHA_TEAD1;YAP1	0.426546502504955	1.07572502924988e-17	False	((1.1333333333333335, 0.7700000000000002), array([0.05382   , 0.94807455]))	False
GPATCH2	ENHA_MEF2D;NFATC2	0.487841769609682	8.88039832755943e-16	False	((1.1, -0.10999999999999999), array([ 0.9762268 , -0.13932969]))	False
GPATCH2	ENHA_MEF2A;JUND	0.534817251085136	3.68332977367592e-13	False	((1.1666666666666667, -0.16499999999999992), array([0.95958228, 0.12522374]))	False
GPATCH2	ENHA_TEAD1;JUND	0.45889667404443	5.001795730795831e-15	False	((1.1333333333333335, 0.7700000000000002), array([0.95958228, 0.12522374]))	False
GPATCH2	ENHA_MEF2A;JUND	0.534817251085136	3.68332977367592e-13	False	((1.1666666666666667, -0.16499999999999992), array([0.95958228, 0.12522374]))	False
GPATCH2	ENHA_RBPJ;NFATC1	0.423999486216531	5.90229733432064e-17	False	((1.1666666666666667, 0.33000000000000007), array([-0.57583199, -0.62171772]))	False
GPATCH2	PROM_EGR1;SREBF2	0.329018182868554	1.05534770792609e-34	False	((-1.1333333333333335, -1.03125), array([-0.76849789, -0.5893631 ]))	False
GPATCH2	MDM2;PROM_EGR1	0.455420663737259	2.47737801933835e-18	False	(array([-0.72084336,  0.00699834]), (-1.1333333333333335, -1.03125))	False
GPATCH2	PROM_EGR1;PSMA3	0.409747683430464	1.1514734923600701e-23	False	((-1.1333333333333335, -1.03125), array([0.66929416, 0.77113897]))	False
GPATCH2	PROM_EGR1;YAP1	0.394736476117173	1.45277520864761e-26	False	((-1.1333333333333335, -1.03125), array([0.05382   , 0.94807455]))	False
GPATCH2	NFATC2;PROM_EGR1	0.391705599432246	3.29718651753697e-27	False	(array([ 0.9762268 , -0.13932969]), (-1.1333333333333335, -1.03125))	False
GPATCH2	JUND;PROM_EGR1	0.411761904755266	1.83296350460355e-24	False	(array([0.95958228, 0.12522374]), (-1.1333333333333335, -1.03125))	False
GPATCH2	NFATC1;PROM_EGR1	0.417239708368234	6.787473317007211e-24	False	(array([-0.57583199, -0.62171772]), (-1.1333333333333335, -1.03125))	False
GPATCH2	ENHA_FOXA1;PROM_PBX1	1.49932085756304	0.426964201728959	False	((1.1, -0.935), (-1.1333333333333335, 0.0))	False
GPATCH2	KAT2A;PROM_PBX1	1.20887210412632	0.675206233514102	False	(array([-0.76986591, -0.28550462]), (-1.1333333333333335, 0.0))	False
GPATCH2	MDM2;PROM_PBX1	1.11956968741056	0.689634861070539	False	(array([-0.72084336,  0.00699834]), (-1.1333333333333335, 0.0))	False
GPATCH2	ENHA_PKNOX1;PROM_PBX1	0.408430832797953	0.713155587730164	False	((1.1666666666666667, 0.16500000000000004), (-1.1333333333333335, 0.0))	False
GPATCH2	ENHA_RBPJ;PROM_PBX1	0.715425750424293	1.0	False	((1.1666666666666667, 0.33000000000000007), (-1.1333333333333335, 0.0))	False
GPATCH2	ENHA_SOX4;SDCBP	0.415536728142854	2.17047184581573e-13	False	((1.1333333333333335, 0.44000000000000017), array([-0.92353866,  0.0588213 ]))	False
GPATCH2	BANP;ENHA_SP2	0.191743750496439	4.8897884450883506e-74	False	(array([-0.78743092,  0.64580374]), (1.1666666666666667, 0.4950000000000001))	False
GPATCH2	ENHA_TCF3;NEDD9	0.726730321464286	0.0835420135313823	False	((1.1666666666666667, 0.6600000000000001), array([-0.68498588, -0.63496855]))	False
GPATCH2	ENHA_MEF2A;HDAC7	0.965621871527743	0.836974962668895	False	((1.1666666666666667, -0.16499999999999992), array([-0.7934155 ,  0.54483857]))	False
GPATCH2	ENHA_MEF2A;HDAC7	0.965621871527743	0.836974962668895	False	((1.1666666666666667, -0.16499999999999992), array([-0.7934155 ,  0.54483857]))	False
GPATCH2	AR;ENHA_FOXA1	0.5902289641206	2.14672127484041e-09	False	(array([-0.26661687,  0.9221717 ]), (1.1, -0.935))	False
GPATCH2	AR;ENHA_TCF7L2	0.643758907174216	8.11874887783724e-05	False	(array([-0.26661687,  0.9221717 ]), (1.1, 0.7150000000000001))	False
GPATCH2	AR;ENHA_STAT3	0.527845942982757	3.90361056860728e-09	False	(array([-0.26661687,  0.9221717 ]), (1.1333333333333335, 0.6050000000000002))	False
GPATCH2	AR;PROM_ZBTB7A	0.596478774968626	1.10564590700291e-08	False	(array([-0.26661687,  0.9221717 ]), (-1.1333333333333335, 1.03125))	False
GPATCH2	AR;PROM_ETV5	0.789808902051658	0.0395199157066293	False	(array([-0.26661687,  0.9221717 ]), (-1.1333333333333335, -0.61875))	False
GPATCH2	ENHA_STAT3;MAPK8	0.678290261119044	0.0002590463335819	False	((1.1333333333333335, 0.6050000000000002), array([-0.01233284,  0.86726587]))	False
GPATCH2	MAPK8;PROM_ELK4	0.897370415683655	0.321236591406561	False	(array([-0.01233284,  0.86726587]), (-1.1, -0.89375))	False
GPATCH2	ENHA_STAT3;NXT2	1.13624012246735	0.673349676510195	False	((1.1333333333333335, 0.6050000000000002), array([0.58769436, 0.8070893 ]))	False
GPATCH2	ATXN1;ENHA_PRDM1	0.493767339731953	8.009998604623101e-16	False	(array([-0.24122018, -0.7625486 ]), (1.1333333333333335, 0.27500000000000013))	False
GPATCH2	ATXN1;ENHA_RBPJ	0.427201366918046	3.56236210432171e-15	False	(array([-0.24122018, -0.7625486 ]), (1.1666666666666667, 0.33000000000000007))	False
GPATCH2	CGGBP1;ENHA_RBPJ	0.674771132454357	0.228554312215066	False	(array([ 0.81453179, -0.50379279]), (1.1666666666666667, 0.33000000000000007))	False
GPATCH2	MAD2L2;PROM_REL	0.727596233604132	0.222583641883016	False	(array([-0.3962022 ,  0.76426592]), (-1.1666666666666667, 0.06875000000000009))	False
GPATCH2	COMMD1;PROM_REL	0.725180230007241	0.243446871507719	False	(array([ 0.98710521, -0.00410675]), (-1.1666666666666667, 0.06875000000000009))	False
GPATCH2	ENHA_NFKB2;PROM_REL	0.502361956509904	0.0906435992748788	False	((1.1, 0.05500000000000016), (-1.1666666666666667, 0.06875000000000009))	False
GPATCH2	PROM_REL;SDCBP	0.716576080858349	0.306325349721977	False	((-1.1666666666666667, 0.06875000000000009), array([-0.92353866,  0.0588213 ]))	False
GPATCH2	BANP;PROM_REL	1.01580991541251	0.920113294327673	False	(array([-0.78743092,  0.64580374]), (-1.1666666666666667, 0.06875000000000009))	False
GPATCH2	NEDD9;PROM_REL	0.870821378958529	0.642062134505095	False	(array([-0.68498588, -0.63496855]), (-1.1666666666666667, 0.06875000000000009))	False
GPATCH2	HDAC7;PROM_REL	0.989952045812268	1.0	False	(array([-0.7934155 ,  0.54483857]), (-1.1666666666666667, 0.06875000000000009))	False
GPATCH2	AR;PROM_REL	1.10783295505226	0.558032373866313	False	(array([-0.26661687,  0.9221717 ]), (-1.1666666666666667, 0.06875000000000009))	False
GPATCH2	MAPK8;PROM_REL	1.29968610076539	0.15220799949086	False	(array([-0.01233284,  0.86726587]), (-1.1666666666666667, 0.06875000000000009))	False
GPATCH2	NXT2;PROM_REL	0.966749831949941	1.0	False	(array([0.58769436, 0.8070893 ]), (-1.1666666666666667, 0.06875000000000009))	False
GPATCH2	ATXN1;PROM_REL	1.12078527281692	0.554885680037521	False	(array([-0.24122018, -0.7625486 ]), (-1.1666666666666667, 0.06875000000000009))	False
GPATCH2	CGGBP1;PROM_REL	0.664848869639363	0.264936078494728	False	(array([ 0.81453179, -0.50379279]), (-1.1666666666666667, 0.06875000000000009))	False
GPATCH2	APP;ENHA_ATF6	0.643149033254933	0.0227754142887158	False	(array([-0.95451338, -0.00773253]), (1.1, -1.1))	False
GPATCH2	APP;ENHA_ZNF740	0.282989659900806	3.0154691097943194e-42	False	(array([-0.95451338, -0.00773253]), (1.1333333333333335, 1.1))	False
GPATCH2	APP;ENHA_SP2	0.239646504925538	1.22014837621022e-59	False	(array([-0.95451338, -0.00773253]), (1.1666666666666667, 0.4950000000000001))	False
GPATCH2	ENHA_STAT1;PRKCD	0.462386056597553	2.06982865805738e-18	False	((1.1, 0.55), array([-0.36014809,  0.87150765]))	False
GPATCH2	ENHA_NFE2L2;PRKCD	0.474073649888478	4.63239368016238e-12	False	((1.1333333333333335, -0.05499999999999994), array([-0.36014809,  0.87150765]))	False
GPATCH2	PRKCD;PROM_STAT1	1.11585547569789	0.372624928111379	False	(array([-0.36014809,  0.87150765]), (-1.1, 0.7562500000000001))	False
GPATCH2	DDX3X;ENHA_NFKB2	0.291690717236115	6.28212627728448e-39	False	(array([ 0.26240886, -0.90712119]), (1.1, 0.05500000000000016))	False
GPATCH2	ENHA_MAFK;HIF1A	0.412227892112958	1.4804425092395e-24	False	((1.1333333333333335, -0.21999999999999997), array([ 0.7826291 , -0.11131895]))	False
GPATCH2	ENHA_MAFG;HIF1A	0.543377391633439	1.93736548449752e-10	False	((1.1, -0.275), array([ 0.7826291 , -0.11131895]))	False
GPATCH2	BCOR;ENHA_TCF3	0.263994466009473	7.284360733500619e-50	False	(array([-0.93853751, -0.19873323]), (1.1666666666666667, 0.6600000000000001))	False
GPATCH2	ENHA_MEF2A;MEF2C	0.470092973066217	2.32960720922135e-14	False	((1.1666666666666667, -0.16499999999999992), array([0.14639001, 0.92257159]))	False
GPATCH2	ENHA_TEAD1;MEF2C	0.439041255553727	3.94055046037546e-15	False	((1.1333333333333335, 0.7700000000000002), array([0.14639001, 0.92257159]))	False
GPATCH2	ENHA_MEF2A;MEF2C	0.470092973066217	2.32960720922135e-14	False	((1.1666666666666667, -0.16499999999999992), array([0.14639001, 0.92257159]))	False
GPATCH2	ENHA_KLF2;WWP1	0.136447910436677	3.09274270212036e-73	False	((1.1, -0.605), array([-0.70618771,  0.7504519 ]))	False
GPATCH2	ENHA_GATA2;FBXW7	0.461025072979006	6.13962609785954e-12	False	((1.1666666666666667, -0.8250000000000001), array([-0.13181325,  0.9628163 ]))	False
GPATCH2	ENHA_KLF2;FBXW7	0.192136685749922	4.69892825356659e-63	False	((1.1, -0.605), array([-0.13181325,  0.9628163 ]))	False
GPATCH2	ENHA_NFKB2;FBXW7	0.292160620831262	1.1060091686045398e-36	False	((1.1, 0.05500000000000016), array([-0.13181325,  0.9628163 ]))	False
GPATCH2	ENHA_GATA2;FBXW7	0.461025072979006	6.13962609785954e-12	False	((1.1666666666666667, -0.8250000000000001), array([-0.13181325,  0.9628163 ]))	False
GPATCH2	ENHA_FOXA1;RARA	0.585059263798062	1.2039399776065502e-09	False	((1.1, -0.935), array([0.04525469, 0.36621735]))	False
GPATCH2	ENHA_STAT1;RARA	0.520027434396083	9.603828028408961e-14	False	((1.1, 0.55), array([0.04525469, 0.36621735]))	False
GPATCH2	ENHA_TFAP2C;RARA	0.363830249534717	1.56839867194336e-28	False	((1.1, 0.8800000000000001), array([0.04525469, 0.36621735]))	False
GPATCH2	ENHA_NFE2L2;RARA	0.500239336153293	9.90153996108643e-10	False	((1.1333333333333335, -0.05499999999999994), array([0.04525469, 0.36621735]))	False
GPATCH2	PROM_STAT1;RARA	1.24811404203448	0.074735154587512	False	((-1.1, 0.7562500000000001), array([0.04525469, 0.36621735]))	False
GPATCH2	ENHA_MEF2A;SMAD2	0.605428117347842	1.22258376923954e-08	False	((1.1666666666666667, -0.16499999999999992), array([-0.11288417,  0.34341099]))	False
GPATCH2	ENHA_LEF1;SMAD2	0.802170284546971	0.034031258694785	False	((1.1, -0.43999999999999995), array([-0.11288417,  0.34341099]))	False
GPATCH2	ENHA_MEF2A;SMAD2	0.605428117347842	1.22258376923954e-08	False	((1.1666666666666667, -0.16499999999999992), array([-0.11288417,  0.34341099]))	False
GPATCH2	PROM_ETV4;SMAD2	0.899831236481123	0.342739039427502	False	((-1.1, -0.6875), array([-0.11288417,  0.34341099]))	False
GPATCH2	ENHA_KLF4;PPARG	0.230260798591775	1.7333864500387e-60	False	((1.1333333333333335, -0.55), array([0.27118489, 0.30270529]))	False
GPATCH2	ENHA_STAT1;PPARG	0.563754915518543	4.8323664684166296e-11	False	((1.1, 0.55), array([0.27118489, 0.30270529]))	False
GPATCH2	ENHA_NFKB1;PPARG	0.269696368053762	1.1526555088765899e-49	False	((1.1666666666666667, 0.0), array([0.27118489, 0.30270529]))	False
GPATCH2	PPARG;PROM_STAT1	1.17172022651601	0.186898868988787	False	(array([0.27118489, 0.30270529]), (-1.1, 0.7562500000000001))	False
GPATCH2	PPARG;PROM_KLF4	0.312009867701905	7.38402078911408e-41	False	(array([0.27118489, 0.30270529]), (-1.1666666666666667, -0.55))	False
GPATCH2	CEBPB;ENHA_NFKB1	0.368389476669144	2.8329909686988098e-30	False	(array([0.90213395, 0.21090175]), (1.1666666666666667, 0.0))	False
GPATCH2	CEBPB;PROM_EGR1	0.349555470310218	2.7131927680094898e-33	False	(array([0.90213395, 0.21090175]), (-1.1333333333333335, -1.03125))	False
GPATCH2	PROM_KLF5;RXRA	0.287599813645015	6.38376314941465e-46	False	((-1.1, -0.48125000000000007), array([-0.90924603,  0.37208248]))	False
GPATCH2	PROM_KLF5;WWP1	0.12006664394425	5.25852633066663e-86	False	((-1.1, -0.48125000000000007), array([-0.70618771,  0.7504519 ]))	False
GPATCH2	FBXW7;PROM_KLF5	0.258439436884136	3.64419368044723e-52	False	(array([-0.13181325,  0.9628163 ]), (-1.1, -0.48125000000000007))	False
GPATCH2	PROM_KLF5;RARA	0.292367938075243	2.0381957447048302e-44	False	((-1.1, -0.48125000000000007), array([0.04525469, 0.36621735]))	False
GPATCH2	PROM_KLF5;SMAD2	0.357511853588557	2.27695064219398e-32	False	((-1.1, -0.48125000000000007), array([-0.11288417,  0.34341099]))	False
GPATCH2	PPARG;PROM_KLF5	0.313867441658176	5.1488598965593e-40	False	(array([0.27118489, 0.30270529]), (-1.1, -0.48125000000000007))	False
GPATCH2	CEBPB;PROM_KLF5	0.336916392206054	1.7500614918267201e-35	False	(array([0.90213395, 0.21090175]), (-1.1, -0.48125000000000007))	False
GPATCH2	ENHA_E2F6;MAX	0.371779075788055	6.09232354584827e-24	False	((1.1666666666666667, -0.9900000000000001), array([ 0.71656501, -0.52989792]))	False
GPATCH2	ENHA_TWIST1;MAX	0.53582834637989	1.02162069079565e-07	False	((1.1333333333333335, 0.935), array([ 0.71656501, -0.52989792]))	False
GPATCH2	ENHA_TEAD1;MAX	0.618105652333775	1.16405397719959e-06	False	((1.1333333333333335, 0.7700000000000002), array([ 0.71656501, -0.52989792]))	False
GPATCH2	ENHA_TWIST1;MAX	0.53582834637989	1.02162069079565e-07	False	((1.1333333333333335, 0.935), array([ 0.71656501, -0.52989792]))	False
GPATCH2	ENHA_ATF6;YY1	0.736661318043908	0.143325453969449	False	((1.1, -1.1), array([-0.51086074, -0.69754371]))	False
GPATCH2	ENHA_NFE2L2;YY1	0.574631087302885	6.95786835670701e-07	False	((1.1333333333333335, -0.05499999999999994), array([-0.51086074, -0.69754371]))	False
GPATCH2	CITED2;ENHA_TFAP2C	0.282692021352253	8.51944002018445e-39	False	(array([-0.00434749, -0.61249157]), (1.1, 0.8800000000000001))	False
GPATCH2	ENHA_SOX10;UBE2I	0.528115833956502	1.8373943376425701e-10	False	((1.1, 0.385), array([-0.19957489,  0.09732242]))	False
GPATCH2	ENHA_TCF7L2;UBE2I	0.683502310553814	0.0003392019362664	False	((1.1, 0.7150000000000001), array([-0.19957489,  0.09732242]))	False
GPATCH2	ENHA_MEF2A;UBE2I	0.602793494671935	9.549462094531261e-09	False	((1.1666666666666667, -0.16499999999999992), array([-0.19957489,  0.09732242]))	False
GPATCH2	ENHA_STAT1;UBE2I	0.579037650784845	2.35123711251803e-10	False	((1.1, 0.55), array([-0.19957489,  0.09732242]))	False
GPATCH2	ENHA_SOX10;UBE2I	0.528115833956502	1.8373943376425701e-10	False	((1.1, 0.385), array([-0.19957489,  0.09732242]))	False
GPATCH2	ENHA_TCF3;UBE2I	0.31350172566602	4.42822848950411e-40	False	((1.1666666666666667, 0.6600000000000001), array([-0.19957489,  0.09732242]))	False
GPATCH2	ENHA_SOX4;UBE2I	0.611528692029429	9.1062609998176e-08	False	((1.1333333333333335, 0.44000000000000017), array([-0.19957489,  0.09732242]))	False
GPATCH2	ENHA_TFAP2C;UBE2I	0.410550926194362	4.68984782738011e-24	False	((1.1, 0.8800000000000001), array([-0.19957489,  0.09732242]))	False
GPATCH2	ENHA_MEF2A;UBE2I	0.602793494671935	9.549462094531261e-09	False	((1.1666666666666667, -0.16499999999999992), array([-0.19957489,  0.09732242]))	False
GPATCH2	PROM_STAT1;UBE2I	1.37142255394188	0.0071609616348422	False	((-1.1, 0.7562500000000001), array([-0.19957489,  0.09732242]))	False
GPATCH2	ENHA_STAT3;RB1	0.549984584702076	1.0503558396382102e-09	False	((1.1333333333333335, 0.6050000000000002), array([0.96685674, 0.26734326]))	False
GPATCH2	PROM_ELF1;RB1	0.878494626086265	0.236932266121941	False	((-1.1666666666666667, -0.9625000000000001), array([0.96685674, 0.26734326]))	False
GPATCH2	ENHA_TFAP2C;MYC	0.463907503824106	5.08859045591196e-17	False	((1.1, 0.8800000000000001), array([-0.4641595 , -0.11861117]))	False
GPATCH2	ENHA_RBPJ;MYC	0.566452656910623	2.68202771165953e-08	False	((1.1666666666666667, 0.33000000000000007), array([-0.4641595 , -0.11861117]))	False
GPATCH2	PROM_TFAP2A;XRCC6	0.364814436724531	3.57743754483692e-31	False	((-1.1333333333333335, 0.8250000000000002), array([0.93561777, 0.39241327]))	False
GPATCH2	PROM_TFAP2A;XRCC5	0.351751433148791	2.5240894285289298e-33	False	((-1.1333333333333335, 0.8250000000000002), array([-0.46439612,  0.80152632]))	False
GPATCH2	NPM1;PROM_TFAP2A	0.366597574099041	6.782000497673799e-31	False	(array([ 0.5842209 , -0.59737541]), (-1.1333333333333335, 0.8250000000000002))	False
GPATCH2	MAX;PROM_TFAP2A	0.4398681948562	2.9447347153026e-21	False	(array([ 0.71656501, -0.52989792]), (-1.1333333333333335, 0.8250000000000002))	False
GPATCH2	PROM_TFAP2A;YY1	0.408257845960362	1.23492998032183e-22	False	((-1.1333333333333335, 0.8250000000000002), array([-0.51086074, -0.69754371]))	False
GPATCH2	CITED2;PROM_TFAP2A	0.27958711621832	3.1673840219070103e-45	False	(array([-0.00434749, -0.61249157]), (-1.1333333333333335, 0.8250000000000002))	False
GPATCH2	PROM_TFAP2A;UBE2I	0.445843770524256	1.4423816773468e-19	False	((-1.1333333333333335, 0.8250000000000002), array([-0.19957489,  0.09732242]))	False
GPATCH2	PROM_TFAP2A;RB1	0.438100014658336	6.37647363886114e-21	False	((-1.1333333333333335, 0.8250000000000002), array([0.96685674, 0.26734326]))	False
GPATCH2	MYC;PROM_TFAP2A	0.41564476441229	1.74344172107384e-23	False	(array([-0.4641595 , -0.11861117]), (-1.1333333333333335, 0.8250000000000002))	False
GPATCH2	ENHA_RBPJ;GTF3C5	0.341771849510312	0.0009920433111249	False	((1.1666666666666667, 0.33000000000000007), array([0.69309439, 0.68466437]))	False
GPATCH2	ENHA_TWIST1;PROM_ETS2	0.207323277639309	0.0002101058355341	False	((1.1333333333333335, 0.935), (-1.1333333333333335, -0.8250000000000001))	False
GPATCH2	PROM_ETS2;RFWD2	0.697423544398092	0.102945430384261	False	((-1.1333333333333335, -0.8250000000000001), array([-0.92757657, -0.16101326]))	False
GPATCH2	ENHA_TWIST1;PROM_ETS2	0.207323277639309	0.0002101058355341	False	((1.1333333333333335, 0.935), (-1.1333333333333335, -0.8250000000000001))	False
GPATCH2	GTF3C5;PROM_ETS2	0.358781703014162	0.0018733725425707	False	(array([0.69309439, 0.68466437]), (-1.1333333333333335, -0.8250000000000001))	False
GPATCH2	ENHA_FOXA1;PROM_TFAP4	1.43109544051521	0.137530582896909	False	((1.1, -0.935), (-1.1, 0.9624999999999999))	False
GPATCH2	MDM2;PROM_TFAP4	1.43978892018919	0.0438507889519824	False	(array([-0.72084336,  0.00699834]), (-1.1, 0.9624999999999999))	False
GPATCH2	ENHA_RBPJ;PROM_TFAP4	1.53610290692279	0.116407774004877	False	((1.1666666666666667, 0.33000000000000007), (-1.1, 0.9624999999999999))	False
GPATCH2	AURKA;ENHA_KLF4	0.250223635471803	1.40539335111461e-51	False	(array([-0.23128171,  0.50778856]), (1.1333333333333335, -0.55))	False
GPATCH2	AURKA;ENHA_FOXP1	0.586152075810004	5.62110287185171e-10	False	(array([-0.23128171,  0.50778856]), (1.1333333333333335, -0.8800000000000001))	False
GPATCH2	AURKA;ENHA_NFKB1	0.302602341974671	4.8138899435735e-42	False	(array([-0.23128171,  0.50778856]), (1.1666666666666667, 0.0))	False
GPATCH2	AURKA;PROM_KLF4	0.392772993747029	3.39460832254949e-27	False	(array([-0.23128171,  0.50778856]), (-1.1666666666666667, -0.55))	False
GPATCH2	COPS5;ENHA_NFKB1	0.572154802696855	1.0347382796738301e-09	False	(array([0.67498631, 0.42265926]), (1.1666666666666667, 0.0))	False
GPATCH2	COPS5;ENHA_MEF2D	0.744364869326442	0.0015551932284633	False	(array([0.67498631, 0.42265926]), (1.1, -0.10999999999999999))	False
GPATCH2	ENHA_GATA6;KPNA3	0.667831019533208	0.0024144614928405	False	((1.1, -0.77), array([ 0.57916947, -0.21859975]))	False
GPATCH2	ENHA_GATA6;KPNA3	0.667831019533208	0.0024144614928405	False	((1.1, -0.77), array([ 0.57916947, -0.21859975]))	False
GPATCH2	ENHA_NFKB1;KPNA3	0.486707303031508	1.82641224163714e-08	False	((1.1666666666666667, 0.0), array([ 0.57916947, -0.21859975]))	False
GPATCH2	ENHA_NFE2L2;KPNA3	0.495272219216093	1.73605706862545e-06	False	((1.1333333333333335, -0.05499999999999994), array([ 0.57916947, -0.21859975]))	False
GPATCH2	ENHA_MEF2A;HDAC5	0.70636556281147	0.0004112259420979	False	((1.1666666666666667, -0.16499999999999992), array([-0.1230301 , -0.97160931]))	False
GPATCH2	ENHA_NFKB1;HDAC5	0.563954096372418	1.79939018396882e-07	False	((1.1666666666666667, 0.0), array([-0.1230301 , -0.97160931]))	False
GPATCH2	ENHA_MEF2A;HDAC5	0.70636556281147	0.0004112259420979	False	((1.1666666666666667, -0.16499999999999992), array([-0.1230301 , -0.97160931]))	False
GPATCH2	ENHA_NFKB1;NOTCH1	0.461320822013561	3.75406657128295e-15	False	((1.1666666666666667, 0.0), array([ 0.02746811, -0.97199435]))	False
GPATCH2	ENHA_RBPJ;NOTCH1	0.572387255660746	2.6521875651884e-06	False	((1.1666666666666667, 0.33000000000000007), array([ 0.02746811, -0.97199435]))	False
GPATCH2	NOTCH1;PROM_RFX1	0.940113193309927	0.913981720685482	False	(array([ 0.02746811, -0.97199435]), (-1.1666666666666667, 0.2749999999999999))	False
GPATCH2	ENHA_IRF1;SMARCA4	0.519018502970287	3.41980415314159e-13	False	((1.1666666666666667, -0.66), array([ 0.63588471, -0.51423315]))	False
GPATCH2	ENHA_STAT1;SMARCA4	0.569154505094684	6.054091173627139e-11	False	((1.1, 0.55), array([ 0.63588471, -0.51423315]))	False
GPATCH2	ENHA_RBPJ;SMARCA4	0.503585298790528	5.54967354734749e-13	False	((1.1666666666666667, 0.33000000000000007), array([ 0.63588471, -0.51423315]))	False
GPATCH2	ENHA_STAT3;SMARCA4	0.638810112791782	2.83977937282957e-05	False	((1.1333333333333335, 0.6050000000000002), array([ 0.63588471, -0.51423315]))	False
GPATCH2	PROM_STAT1;SMARCA4	1.32989041778834	0.0160774887754197	False	((-1.1, 0.7562500000000001), array([ 0.63588471, -0.51423315]))	False
GPATCH2	ENHA_E2F6;HDAC1	0.50023219844195	1.5468718705949501e-15	False	((1.1666666666666667, -0.9900000000000001), array([0.42661042, 0.24809271]))	False
GPATCH2	ENHA_STAT1;HDAC1	0.629886296291307	8.06398658602713e-08	False	((1.1, 0.55), array([0.42661042, 0.24809271]))	False
GPATCH2	ENHA_NFKB1;HDAC1	0.332050860940669	2.9995856097632797e-36	False	((1.1666666666666667, 0.0), array([0.42661042, 0.24809271]))	False
GPATCH2	ENHA_STAT3;HDAC1	0.552095627751399	4.81893762246386e-10	False	((1.1333333333333335, 0.6050000000000002), array([0.42661042, 0.24809271]))	False
GPATCH2	HDAC1;PROM_ZBTB7A	0.742933042016192	0.0006666698085116	False	(array([0.42661042, 0.24809271]), (-1.1333333333333335, 1.03125))	False
GPATCH2	HDAC1;PROM_RFX1	0.981438006180188	1.0	False	(array([0.42661042, 0.24809271]), (-1.1666666666666667, 0.2749999999999999))	False
GPATCH2	HDAC1;PROM_STAT1	1.42670664688389	0.0019074717676519	False	(array([0.42661042, 0.24809271]), (-1.1, 0.7562500000000001))	False
GPATCH2	HDAC1;PROM_KLF5	0.394525070471379	6.17945951294335e-27	False	(array([0.42661042, 0.24809271]), (-1.1, -0.48125000000000007))	False
GPATCH2	ENHA_NFKB2;FBXW11	0.46733688235299	5.13539622226334e-13	False	((1.1, 0.05500000000000016), array([0.63942875, 0.18984033]))	False
GPATCH2	ENHA_NFKB1;FBXW11	0.459669361625674	1.4176413628559802e-17	False	((1.1666666666666667, 0.0), array([0.63942875, 0.18984033]))	False
GPATCH2	FBXW11;PROM_TFAP4	1.29485569256596	0.166959740033703	False	(array([0.63942875, 0.18984033]), (-1.1, 0.9624999999999999))	False
GPATCH2	EHMT2;PROM_REST	0.501294499193774	1.03225087172964e-10	False	(array([-0.60917101, -0.71891602]), (-1.1333333333333335, 0.20625000000000004))	False
GPATCH2	KDM5C;PROM_REST	0.559346253223986	7.7325489638049e-09	False	(array([0.73643424, 0.29524085]), (-1.1333333333333335, 0.20625000000000004))	False
GPATCH2	PROM_REST;SMARCA4	0.808984213203368	0.0203470603564206	False	((-1.1333333333333335, 0.20625000000000004), array([ 0.63588471, -0.51423315]))	False
GPATCH2	HDAC1;PROM_REST	0.841445343991476	0.0614332192599586	False	(array([0.42661042, 0.24809271]), (-1.1333333333333335, 0.20625000000000004))	False
GPATCH2	FBXW11;PROM_REST	0.693874848165061	0.0001227231278289	False	(array([0.63942875, 0.18984033]), (-1.1333333333333335, 0.20625000000000004))	False
GPATCH2	ENHA_LEF1;PIAS4	0.877306500787096	0.355303630369235	False	((1.1, -0.43999999999999995), array([-0.22913141, -0.89937019]))	False
GPATCH2	ENHA_GATA2;PML	0.65375218504539	2.14749056243801e-05	False	((1.1666666666666667, -0.8250000000000001), array([ 0.51225536, -0.51113979]))	False
GPATCH2	ENHA_NFKB1;PML	0.41499630761654	3.49945564490193e-24	False	((1.1666666666666667, 0.0), array([ 0.51225536, -0.51113979]))	False
GPATCH2	ENHA_GATA2;PML	0.65375218504539	2.14749056243801e-05	False	((1.1666666666666667, -0.8250000000000001), array([ 0.51225536, -0.51113979]))	False
GPATCH2	ENHA_GATA2;SMAD4	0.639499511884634	7.37817643353317e-06	False	((1.1666666666666667, -0.8250000000000001), array([0.85777734, 0.54216258]))	False
GPATCH2	ENHA_NFKB1;SMAD4	0.309201419646952	1.83239078247717e-41	False	((1.1666666666666667, 0.0), array([0.85777734, 0.54216258]))	False
GPATCH2	ENHA_GATA2;SMAD4	0.639499511884634	7.37817643353317e-06	False	((1.1666666666666667, -0.8250000000000001), array([0.85777734, 0.54216258]))	False
GPATCH2	PROM_ZBTB7A;SMAD4	0.681787480807673	1.30197909856102e-05	False	((-1.1333333333333335, 1.03125), array([0.85777734, 0.54216258]))	False
GPATCH2	PROM_RFX1;SMAD4	0.993350587354606	1.0	False	((-1.1666666666666667, 0.2749999999999999), array([0.85777734, 0.54216258]))	False
GPATCH2	PROM_KLF5;SMAD4	0.347655944895912	4.48594897615393e-34	False	((-1.1, -0.48125000000000007), array([0.85777734, 0.54216258]))	False
GPATCH2	ENHA_SOX10;GSK3B	0.454850405329213	1.34018574720393e-13	False	((1.1, 0.385), array([-0.28794423, -0.73097084]))	False
GPATCH2	ENHA_SOX10;GSK3B	0.454850405329213	1.34018574720393e-13	False	((1.1, 0.385), array([-0.28794423, -0.73097084]))	False
GPATCH2	ENHA_NFKB1;GSK3B	0.304407197847083	4.8615696331831895e-42	False	((1.1666666666666667, 0.0), array([-0.28794423, -0.73097084]))	False
GPATCH2	GSK3B;PROM_KLF5	0.341407897481909	5.06798727277722e-35	False	(array([-0.28794423, -0.73097084]), (-1.1, -0.48125000000000007))	False
GPATCH2	ENHA_GATA6;PROM_SP1	0.764272798954596	0.0188150634711947	False	((1.1, -0.77), (-1.1333333333333335, 0.6187500000000001))	False
GPATCH2	ENHA_KLF6;PROM_SP1	0.135850927705589	1.00471804219538e-41	False	((1.1666666666666667, -0.495), (-1.1333333333333335, 0.6187500000000001))	False
GPATCH2	BCL11B;PROM_SP1	0.327796723908584	6.08936276781226e-37	False	(array([-0.53875969,  0.79687607]), (-1.1333333333333335, 0.6187500000000001))	False
GPATCH2	PROM_SP1;SREBF2	0.335914038261437	2.3195063265185897e-30	False	((-1.1333333333333335, 0.6187500000000001), array([-0.76849789, -0.5893631 ]))	False
GPATCH2	NFYC;PROM_SP1	0.514460267973041	4.56017838272803e-13	False	(array([0.46317841, 0.89017816]), (-1.1333333333333335, 0.6187500000000001))	False
GPATCH2	HMGA1;PROM_SP1	0.451383292450039	4.0204430535287604e-19	False	(array([-0.42028052,  0.74592732]), (-1.1333333333333335, 0.6187500000000001))	False
GPATCH2	HCFC1;PROM_SP1	0.389489822310213	3.22922457342684e-23	False	(array([-0.69863338,  0.66920206]), (-1.1333333333333335, 0.6187500000000001))	False
GPATCH2	MEF2D;PROM_SP1	0.515047675940515	1.6146295583428099e-12	False	(array([ 0.95759875, -0.23374985]), (-1.1333333333333335, 0.6187500000000001))	False
GPATCH2	FOXM1;PROM_SP1	0.571103314402945	6.11872341294367e-07	False	(array([ 0.70535943, -0.60541913]), (-1.1333333333333335, 0.6187500000000001))	False
GPATCH2	BRCA1;PROM_SP1	0.464730047490308	1.95379166851342e-18	False	(array([0.23108076, 0.66293729]), (-1.1333333333333335, 0.6187500000000001))	False
GPATCH2	PROM_SP1;RXRA	0.330362893585592	3.35045770475144e-32	False	((-1.1333333333333335, 0.6187500000000001), array([-0.90924603,  0.37208248]))	False
GPATCH2	PROM_SP1;STAT3	0.33752343551491	5.27589292241363e-34	False	((-1.1333333333333335, 0.6187500000000001), array([-0.93597363,  0.26090816]))	False
GPATCH2	NPM1;PROM_SP1	0.404956927311853	1.2548510772743601e-23	False	(array([ 0.5842209 , -0.59737541]), (-1.1333333333333335, 0.6187500000000001))	False
GPATCH2	MDM2;PROM_SP1	0.489954024671614	1.11561103082501e-13	False	(array([-0.72084336,  0.00699834]), (-1.1333333333333335, 0.6187500000000001))	False
GPATCH2	ENHA_GATA6;PROM_SP1	0.764272798954596	0.0188150634711947	False	((1.1, -0.77), (-1.1333333333333335, 0.6187500000000001))	False
GPATCH2	ENHA_MEF2D;PROM_SP1	0.604622861112722	2.07367424437506e-07	False	((1.1, -0.10999999999999999), (-1.1333333333333335, 0.6187500000000001))	False
GPATCH2	ENHA_STAT3;PROM_SP1	0.664752312934332	0.000646138923559	False	((1.1333333333333335, 0.6050000000000002), (-1.1333333333333335, 0.6187500000000001))	False
GPATCH2	E2F1;PROM_SP1	0.939350614665194	0.517615272960662	False	(array([-0.44584087, -0.91430309]), (-1.1333333333333335, 0.6187500000000001))	False
GPATCH2	AR;PROM_SP1	0.384429993919022	4.391353598039151e-25	False	(array([-0.26661687,  0.9221717 ]), (-1.1333333333333335, 0.6187500000000001))	False
GPATCH2	PRKCD;PROM_SP1	0.460042354629831	2.9847283108317403e-19	False	(array([-0.36014809,  0.87150765]), (-1.1333333333333335, 0.6187500000000001))	False
GPATCH2	DDX3X;PROM_SP1	0.252749007878664	9.83280440588126e-50	False	(array([ 0.26240886, -0.90712119]), (-1.1333333333333335, 0.6187500000000001))	False
GPATCH2	HIF1A;PROM_SP1	0.413487168377736	7.27706965263815e-23	False	(array([ 0.7826291 , -0.11131895]), (-1.1333333333333335, 0.6187500000000001))	False
GPATCH2	BCOR;PROM_SP1	0.241124880946113	5.24685764752588e-59	False	(array([-0.93853751, -0.19873323]), (-1.1333333333333335, 0.6187500000000001))	False
GPATCH2	MEF2C;PROM_SP1	0.449981557440893	3.6705414374534204e-19	False	(array([0.14639001, 0.92257159]), (-1.1333333333333335, 0.6187500000000001))	False
GPATCH2	PROM_SP1;RARA	0.366928068310352	2.6922168754594698e-27	False	((-1.1333333333333335, 0.6187500000000001), array([0.04525469, 0.36621735]))	False
GPATCH2	PROM_SP1;SMAD2	0.395629674381234	7.3030620972261e-21	False	((-1.1333333333333335, 0.6187500000000001), array([-0.11288417,  0.34341099]))	False
GPATCH2	PPARG;PROM_SP1	0.361862811373821	7.88957999867172e-28	False	(array([0.27118489, 0.30270529]), (-1.1333333333333335, 0.6187500000000001))	False
GPATCH2	PROM_SP1;YY1	0.411942909066786	7.62520143546186e-24	False	((-1.1333333333333335, 0.6187500000000001), array([-0.51086074, -0.69754371]))	False
GPATCH2	MYC;PROM_SP1	0.442552669765067	5.90259542674361e-21	False	(array([-0.4641595 , -0.11861117]), (-1.1333333333333335, 0.6187500000000001))	False
GPATCH2	PROM_SP1;SMARCA4	0.506834516069642	3.1551171287900594e-11	False	((-1.1333333333333335, 0.6187500000000001), array([ 0.63588471, -0.51423315]))	False
GPATCH2	HDAC1;PROM_SP1	0.509033357327485	1.5703516944828601e-10	False	(array([0.42661042, 0.24809271]), (-1.1333333333333335, 0.6187500000000001))	False
GPATCH2	PML;PROM_SP1	0.391868510741442	4.50894499079463e-24	False	(array([ 0.51225536, -0.51113979]), (-1.1333333333333335, 0.6187500000000001))	False
GPATCH2	PROM_SP1;SMAD4	0.400030556230975	2.2676021353184602e-20	False	((-1.1333333333333335, 0.6187500000000001), array([0.85777734, 0.54216258]))	False
GPATCH2	ENHA_NFKB2;UBA52	0.326036136887086	2.9205329926337404e-31	False	((1.1, 0.05500000000000016), array([ 0.44153179, -0.70152952]))	True
GPATCH2	ENHA_NFE2L2;UBA52	0.456003777897829	4.40755812494328e-12	False	((1.1333333333333335, -0.05499999999999994), array([ 0.44153179, -0.70152952]))	False
GPATCH2	PROM_ETV1;UBA52	0.931651362123653	0.594062420055945	False	((-1.1666666666666667, -0.7562500000000001), array([ 0.44153179, -0.70152952]))	False
GPATCH2	PROM_KLF5;UBA52	0.345070125379562	7.304657127452309e-34	False	((-1.1, -0.48125000000000007), array([ 0.44153179, -0.70152952]))	False
GPATCH2	BTRC;ENHA_TWIST1	0.580660825150743	1.11313584483496e-06	False	(array([-0.35924484,  0.34313615]), (1.1333333333333335, 0.935))	False
GPATCH2	BTRC;ENHA_NFKB2	0.472396867271669	3.74869608969888e-15	False	(array([-0.35924484,  0.34313615]), (1.1, 0.05500000000000016))	False
GPATCH2	BTRC;ENHA_NFKB1	0.455262916447915	1.69762075785864e-19	False	(array([-0.35924484,  0.34313615]), (1.1666666666666667, 0.0))	False
GPATCH2	BTRC;ENHA_TWIST1	0.580660825150743	1.11313584483496e-06	False	(array([-0.35924484,  0.34313615]), (1.1333333333333335, 0.935))	False
GPATCH2	BTRC;ENHA_NFE2L2	0.592556175730477	2.22668589846841e-06	False	(array([-0.35924484,  0.34313615]), (1.1333333333333335, -0.05499999999999994))	False
GPATCH2	BTRC;PROM_REL	1.24463118496	0.237762509301535	False	(array([-0.35924484,  0.34313615]), (-1.1666666666666667, 0.06875000000000009))	False
GPATCH2	BTRC;PROM_TFAP4	1.37661839171308	0.0792893766573821	False	(array([-0.35924484,  0.34313615]), (-1.1, 0.9624999999999999))	False
GPATCH2	BTRC;PROM_REST	0.763949472079438	0.0038944493388374	False	(array([-0.35924484,  0.34313615]), (-1.1333333333333335, 0.20625000000000004))	False
GPATCH2	ENHA_TFAP2C;IKBKB	0.31100293326081	1.31809872231022e-27	False	((1.1, 0.8800000000000001), array([-0.49332139,  0.06352299]))	False
GPATCH2	ENHA_NFKB1;IKBKB	0.337119870716343	2.72236478299394e-33	False	((1.1666666666666667, 0.0), array([-0.49332139,  0.06352299]))	True
GPATCH2	CTNNB1;ENHA_TCF7L2	0.62948802652488	2.10922191544961e-05	False	(array([-0.32458424, -0.88969717]), (1.1, 0.7150000000000001))	False
GPATCH2	CTNNB1;ENHA_LEF1	0.769333692304622	0.0127986130992624	False	(array([-0.32458424, -0.88969717]), (1.1, -0.43999999999999995))	False
GPATCH2	CTNNB1;ENHA_GLIS2	0.244543317442054	4.42900260482055e-27	False	(array([-0.32458424, -0.88969717]), (1.1333333333333335, -0.7150000000000001))	False
GPATCH2	CTNNB1;ENHA_NFKB1	0.308357676124531	1.32100047943709e-41	False	(array([-0.32458424, -0.88969717]), (1.1666666666666667, 0.0))	False
GPATCH2	CTNNB1;PROM_EGR1	0.402251837551934	5.33915159006005e-24	False	(array([-0.32458424, -0.88969717]), (-1.1333333333333335, -1.03125))	False
GPATCH2	ENHA_TCF3;TCF4	0.670067760210854	0.33178702062942	False	((1.1666666666666667, 0.6600000000000001), array([-0.91100179,  0.14691713]))	False
GPATCH2	CREBBP;ENHA_KLF4	0.253468986234766	3.0148687881836898e-55	False	(array([-0.27602822, -0.20756246]), (1.1333333333333335, -0.55))	False
GPATCH2	CREBBP;ENHA_IRF1	0.51931424588093	8.05766117595133e-13	False	(array([-0.27602822, -0.20756246]), (1.1666666666666667, -0.66))	False
GPATCH2	CREBBP;ENHA_STAT1	0.606001106341748	5.46828419206581e-09	False	(array([-0.27602822, -0.20756246]), (1.1, 0.55))	False
GPATCH2	CREBBP;ENHA_TCF3	0.311541192222248	6.593945759368399e-41	False	(array([-0.27602822, -0.20756246]), (1.1666666666666667, 0.6600000000000001))	False
GPATCH2	CREBBP;ENHA_NFE2L2	0.59258365281385	2.15131206044831e-07	False	(array([-0.27602822, -0.20756246]), (1.1333333333333335, -0.05499999999999994))	False
GPATCH2	CREBBP;ENHA_STAT3	0.549187899892334	3.03749992827637e-10	False	(array([-0.27602822, -0.20756246]), (1.1333333333333335, 0.6050000000000002))	False
GPATCH2	CREBBP;PROM_STAT1	1.36632052091716	0.0070695417343156	False	(array([-0.27602822, -0.20756246]), (-1.1, 0.7562500000000001))	False
GPATCH2	CREBBP;PROM_KLF4	0.413072565041278	4.47125850359602e-24	False	(array([-0.27602822, -0.20756246]), (-1.1666666666666667, -0.55))	False
GPATCH2	CREBBP;PROM_EGR1	0.492171816622089	2.97332111413014e-14	False	(array([-0.27602822, -0.20756246]), (-1.1333333333333335, -1.03125))	False
GPATCH2	CREBBP;PROM_REL	1.31078877812837	0.129988229502953	False	(array([-0.27602822, -0.20756246]), (-1.1666666666666667, 0.06875000000000009))	False
GPATCH2	CREBBP;PROM_KLF5	0.396571812056693	1.51227884272449e-26	False	(array([-0.27602822, -0.20756246]), (-1.1, -0.48125000000000007))	False
GPATCH2	CREBBP;PROM_ETS2	0.901010348453969	0.57293355340518	False	(array([-0.27602822, -0.20756246]), (-1.1333333333333335, -0.8250000000000001))	False
GPATCH2	ENHA_TCF7L2;MEN1	0.573888634776373	1.75859433331631e-05	False	((1.1, 0.7150000000000001), array([-0.6694936 ,  0.21979728]))	False
GPATCH2	ENHA_TCF3;MEN1	0.366571337025717	6.665148141677171e-25	False	((1.1666666666666667, 0.6600000000000001), array([-0.6694936 ,  0.21979728]))	False
GPATCH2	ENHA_NFKB1;MEN1	0.422183622961156	6.15020426006131e-20	False	((1.1666666666666667, 0.0), array([-0.6694936 ,  0.21979728]))	False
GPATCH2	ATF3;ENHA_MEF2A	1.18222388282389	0.0802364749300284	False	(array([-0.88443893, -0.10510061]), (1.1666666666666667, -0.16499999999999992))	False
GPATCH2	ATF3;ENHA_STAT1	1.06566408570864	0.582674493510949	False	(array([-0.88443893, -0.10510061]), (1.1, 0.55))	False
GPATCH2	ATF3;ENHA_MEF2A	1.18222388282389	0.0802364749300284	False	(array([-0.88443893, -0.10510061]), (1.1666666666666667, -0.16499999999999992))	False
GPATCH2	ATF3;PROM_STAT1	1.2162516162545	0.126295234649939	False	(array([-0.88443893, -0.10510061]), (-1.1, 0.7562500000000001))	False
GPATCH2	ENHA_CTCF;SUZ12	0.63683931035	0.0007050388145997	False	((1.1333333333333335, -1.0450000000000002), array([ 0.37540088, -0.94763751]))	False
GPATCH2	ENHA_TCF7L2;PARP1	0.704323716824314	0.0008931510744241	False	((1.1, 0.7150000000000001), array([0.16021662, 0.54049987]))	False
GPATCH2	ENHA_TCF3;PARP1	0.321413240266187	1.15042733357888e-38	False	((1.1666666666666667, 0.6600000000000001), array([0.16021662, 0.54049987]))	False
GPATCH2	ENHA_CTCF;PARP1	0.467366696939861	3.59268216000886e-15	False	((1.1333333333333335, -1.0450000000000002), array([0.16021662, 0.54049987]))	False
GPATCH2	ENHA_NFKB1;PARP1	0.297361210694683	6.324993448147741e-44	False	((1.1666666666666667, 0.0), array([0.16021662, 0.54049987]))	False
GPATCH2	PARP1;PROM_KLF5	0.322467902692941	1.07006035528641e-38	False	(array([0.16021662, 0.54049987]), (-1.1, -0.48125000000000007))	False
GPATCH2	PARP1;PROM_SP1	0.307669205750196	1.8017574519988302e-35	False	(array([0.16021662, 0.54049987]), (-1.1333333333333335, 0.6187500000000001))	False
GPATCH2	ENHA_LEF1;SMAD3	0.840366872513864	0.0942063378024787	False	((1.1, -0.43999999999999995), array([ 0.87090483, -0.35254754]))	False
GPATCH2	ENHA_CTCF;SMAD3	0.474018980054432	1.26016559974794e-14	False	((1.1333333333333335, -1.0450000000000002), array([ 0.87090483, -0.35254754]))	False
GPATCH2	PROM_KLF5;SMAD3	0.379545044590301	5.15494937272435e-29	False	((-1.1, -0.48125000000000007), array([ 0.87090483, -0.35254754]))	False
GPATCH2	PROM_SP1;SMAD3	0.469485266157346	4.6181315190763905e-14	False	((-1.1333333333333335, 0.6187500000000001), array([ 0.87090483, -0.35254754]))	False
GPATCH2	ENHA_KLF4;KAT5	0.279289633278179	2.25107522442222e-48	False	((1.1333333333333335, -0.55), array([0.43628664, 0.71849206]))	False
GPATCH2	ENHA_ZEB1;KAT5	0.383030412937312	1.9061515480351598e-28	False	((1.1, 1.0450000000000004), array([0.43628664, 0.71849206]))	False
GPATCH2	ENHA_NFKB1;KAT5	0.358451438295751	3.05317513423409e-32	False	((1.1666666666666667, 0.0), array([0.43628664, 0.71849206]))	False
GPATCH2	KAT5;PROM_KLF4	0.391665706075173	3.91993457921789e-27	False	(array([0.43628664, 0.71849206]), (-1.1666666666666667, -0.55))	False
GPATCH2	ENHA_ZEB1;USP7	0.799423815898777	0.0215419276450747	False	((1.1, 1.0450000000000004), array([0.76442204, 0.62282629]))	False
GPATCH2	ENHA_TCF7L2;EP300	0.701802225815264	0.0005458702493508	False	((1.1, 0.7150000000000001), array([-0.15997519, -0.02784611]))	False
GPATCH2	ENHA_TWIST1;EP300	0.525535129361457	2.2241535616799002e-10	False	((1.1333333333333335, 0.935), array([-0.15997519, -0.02784611]))	False
GPATCH2	ENHA_KLF4;EP300	0.249013153772186	1.85522679111979e-56	False	((1.1333333333333335, -0.55), array([-0.15997519, -0.02784611]))	False
GPATCH2	ENHA_IRF1;EP300	0.505195007447447	1.63762985162622e-13	False	((1.1666666666666667, -0.66), array([-0.15997519, -0.02784611]))	False
GPATCH2	ENHA_MEF2A;EP300	0.60317194224881	2.17607799336219e-08	False	((1.1666666666666667, -0.16499999999999992), array([-0.15997519, -0.02784611]))	False
GPATCH2	ENHA_STAT1;EP300	0.609823432993455	9.99458822118663e-09	False	((1.1, 0.55), array([-0.15997519, -0.02784611]))	False
GPATCH2	ENHA_KLF2;EP300	0.289218767733378	7.22026600920834e-45	False	((1.1, -0.605), array([-0.15997519, -0.02784611]))	False
GPATCH2	ENHA_LEF1;EP300	0.831196387003669	0.0665149969264605	False	((1.1, -0.43999999999999995), array([-0.15997519, -0.02784611]))	False
GPATCH2	ENHA_TCF3;EP300	0.310184243844456	3.22402705600869e-41	False	((1.1666666666666667, 0.6600000000000001), array([-0.15997519, -0.02784611]))	False
GPATCH2	ENHA_ZEB1;EP300	0.364056153686476	2.8412647166411803e-31	False	((1.1, 1.0450000000000004), array([-0.15997519, -0.02784611]))	False
GPATCH2	ENHA_SOX4;EP300	0.638098682679372	6.25140824964495e-07	False	((1.1333333333333335, 0.44000000000000017), array([-0.15997519, -0.02784611]))	False
GPATCH2	ENHA_NFKB1;EP300	0.321347550676914	5.35042943902072e-38	False	((1.1666666666666667, 0.0), array([-0.15997519, -0.02784611]))	False
GPATCH2	ENHA_TWIST1;EP300	0.525535129361457	2.2241535616799002e-10	False	((1.1333333333333335, 0.935), array([-0.15997519, -0.02784611]))	False
GPATCH2	ENHA_MEF2A;EP300	0.60317194224881	2.17607799336219e-08	False	((1.1666666666666667, -0.16499999999999992), array([-0.15997519, -0.02784611]))	False
GPATCH2	ENHA_MAF;EP300	0.491401137962142	3.6592381464799595e-11	False	((1.1333333333333335, -0.385), array([-0.15997519, -0.02784611]))	False
GPATCH2	ENHA_STAT3;EP300	0.54439120662792	1.4492388775119001e-10	False	((1.1333333333333335, 0.6050000000000002), array([-0.15997519, -0.02784611]))	False
GPATCH2	EP300;PROM_ETV1	1.17570812000923	0.139066500410178	False	(array([-0.15997519, -0.02784611]), (-1.1666666666666667, -0.7562500000000001))	False
GPATCH2	EP300;PROM_STAT1	1.41695697746925	0.002376965512915	False	(array([-0.15997519, -0.02784611]), (-1.1, 0.7562500000000001))	False
GPATCH2	EP300;PROM_KLF4	0.435651656688218	2.07049774774943e-21	False	(array([-0.15997519, -0.02784611]), (-1.1666666666666667, -0.55))	False
GPATCH2	EP300;PROM_EGR1	0.521433408599671	5.21574251894314e-12	False	(array([-0.15997519, -0.02784611]), (-1.1333333333333335, -1.03125))	False
GPATCH2	EP300;PROM_REL	1.36878026686861	0.0738314893946551	False	(array([-0.15997519, -0.02784611]), (-1.1666666666666667, 0.06875000000000009))	False
GPATCH2	EP300;PROM_KLF5	0.420142120245812	1.45437072147763e-23	False	(array([-0.15997519, -0.02784611]), (-1.1, -0.48125000000000007))	False
GPATCH2	EP300;PROM_TFAP2A	0.463951349189992	2.0350395696312998e-17	False	(array([-0.15997519, -0.02784611]), (-1.1333333333333335, 0.8250000000000002))	False
GPATCH2	EP300;PROM_ETS2	0.919085897559254	0.687512444508455	False	(array([-0.15997519, -0.02784611]), (-1.1333333333333335, -0.8250000000000001))	False
GPATCH2	EP300;PROM_SP1	0.599706077842557	3.33561475705647e-06	False	(array([-0.15997519, -0.02784611]), (-1.1333333333333335, 0.6187500000000001))	False
GPATCH2	ENHA_RBPJ;OGT	0.382961543303575	1.16418634871172e-11	False	((1.1666666666666667, 0.33000000000000007), array([ 0.53225651, -0.86661048]))	False
GPATCH2	ENHA_POU2F2;TBP	0.674263116825411	4.42022384489601e-05	False	((1.1, 0.2200000000000002), array([0.84155281, 0.42658409]))	False
GPATCH2	ENHA_RBPJ;TBP	0.513579298128614	3.33495248362602e-12	False	((1.1666666666666667, 0.33000000000000007), array([0.84155281, 0.42658409]))	False
GPATCH2	PROM_REST;TBP	0.777796058524544	0.0063024015758043	False	((-1.1333333333333335, 0.20625000000000004), array([0.84155281, 0.42658409]))	False
GPATCH2	PROM_SP1;TBP	0.444043886156662	1.69462764227138e-17	False	((-1.1333333333333335, 0.6187500000000001), array([0.84155281, 0.42658409]))	False
GPATCH2	ENHA_FOXP1;NCOR2	0.724873492297242	0.0003373240578219	False	((1.1333333333333335, -0.8800000000000001), array([-0.34748234, -0.61034019]))	False
GPATCH2	ENHA_RBPJ;NCOR2	0.511465753996547	1.93551971314007e-12	False	((1.1666666666666667, 0.33000000000000007), array([-0.34748234, -0.61034019]))	False
GPATCH2	ENHA_NFE2L2;NCOR2	0.545879849704645	5.31112832676087e-09	False	((1.1333333333333335, -0.05499999999999994), array([-0.34748234, -0.61034019]))	False
GPATCH2	NCOR2;PROM_KLF5	0.383441952742041	1.66161523494498e-28	False	(array([-0.34748234, -0.61034019]), (-1.1, -0.48125000000000007))	False
GPATCH2	NCOR2;PROM_SP1	0.49349983309343	6.30639325204921e-12	False	(array([-0.34748234, -0.61034019]), (-1.1333333333333335, 0.6187500000000001))	False
GPATCH2	ENHA_RBPJ;KDM2A	0.847822552257167	0.466559988991033	False	((1.1666666666666667, 0.33000000000000007), array([ 0.53888698, -0.73134983]))	False
GPATCH2	ENHA_KLF6;PROM_RELA	0.594298961783819	0.246949894887211	False	((1.1666666666666667, -0.495), (-1.1, 0.13749999999999996))	False
GPATCH2	ENHA_TWIST1;PROM_RELA	1.01146190622979	1.0	False	((1.1333333333333335, 0.935), (-1.1, 0.13749999999999996))	False
GPATCH2	KAT2A;PROM_RELA	1.5756770629047	0.0040781823570082	False	(array([-0.76986591, -0.28550462]), (-1.1, 0.13749999999999996))	False
GPATCH2	NPM1;PROM_RELA	1.31505594119336	0.0944264946183026	False	(array([ 0.5842209 , -0.59737541]), (-1.1, 0.13749999999999996))	False
GPATCH2	MDM2;PROM_RELA	1.7125378871645	0.0003221629954205	False	(array([-0.72084336,  0.00699834]), (-1.1, 0.13749999999999996))	False
GPATCH2	DAXX;PROM_RELA	1.02784866029447	0.851296107224911	False	(array([ 0.8616399 , -0.23493355]), (-1.1, 0.13749999999999996))	False
GPATCH2	COMMD1;PROM_RELA	0.988612660179089	1.0	False	(array([ 0.98710521, -0.00410675]), (-1.1, 0.13749999999999996))	False
GPATCH2	COMMD8;PROM_RELA	0.988612660179089	1.0	False	(array([ 0.71329791, -0.72934387]), (-1.1, 0.13749999999999996))	False
GPATCH2	COMMD4;PROM_RELA	0.988612660179089	1.0	False	(array([-0.75687054,  0.58935942]), (-1.1, 0.13749999999999996))	False
GPATCH2	COMMD6;PROM_RELA	0.988612660179089	1.0	False	(array([-0.05792058, -0.94339639]), (-1.1, 0.13749999999999996))	False
GPATCH2	ENHA_NFKB2;PROM_RELA	0.599253431355104	0.111826758442798	False	((1.1, 0.05500000000000016), (-1.1, 0.13749999999999996))	False
GPATCH2	ENHA_TWIST1;PROM_RELA	1.01146190622979	1.0	False	((1.1333333333333335, 0.935), (-1.1, 0.13749999999999996))	False
GPATCH2	ENHA_STAT3;PROM_RELA	0.99942430915657	1.0	False	((1.1333333333333335, 0.6050000000000002), (-1.1, 0.13749999999999996))	False
GPATCH2	PPARG;PROM_RELA	0.722707475405895	0.151360410633843	False	(array([0.27118489, 0.30270529]), (-1.1, 0.13749999999999996))	False
GPATCH2	HDAC1;PROM_RELA	1.53177179714912	0.0051142621191999	False	(array([0.42661042, 0.24809271]), (-1.1, 0.13749999999999996))	False
GPATCH2	PIAS4;PROM_RELA	1.16998356998997	0.437128301600004	False	(array([-0.22913141, -0.89937019]), (-1.1, 0.13749999999999996))	False
GPATCH2	PML;PROM_RELA	1.51755062846684	0.008221180244285	False	(array([ 0.51225536, -0.51113979]), (-1.1, 0.13749999999999996))	False
GPATCH2	PROM_RELA;SMAD4	1.38366471144988	0.0426172484775456	False	((-1.1, 0.13749999999999996), array([0.85777734, 0.54216258]))	False
GPATCH2	GSK3B;PROM_RELA	1.42929293287594	0.0223073032141299	False	(array([-0.28794423, -0.73097084]), (-1.1, 0.13749999999999996))	False
GPATCH2	PROM_RELA;UBA52	1.24182920400002	0.213011007325929	False	((-1.1, 0.13749999999999996), array([ 0.44153179, -0.70152952]))	False
GPATCH2	BTRC;PROM_RELA	1.39195271826455	0.0389741345786579	False	(array([-0.35924484,  0.34313615]), (-1.1, 0.13749999999999996))	False
GPATCH2	IKBKB;PROM_RELA	1.18273194032823	0.36701894959155	False	(array([-0.49332139,  0.06352299]), (-1.1, 0.13749999999999996))	False
GPATCH2	CTNNB1;PROM_RELA	1.22034218146017	0.241595337313708	False	(array([-0.32458424, -0.88969717]), (-1.1, 0.13749999999999996))	False
GPATCH2	PROM_RELA;TCF4	0.95466785246306	1.0	False	((-1.1, 0.13749999999999996), array([-0.91100179,  0.14691713]))	False
GPATCH2	CREBBP;PROM_RELA	1.54486686412015	0.0041031639502142	False	(array([-0.27602822, -0.20756246]), (-1.1, 0.13749999999999996))	False
GPATCH2	MEN1;PROM_RELA	1.14461374855493	0.414615176360591	False	(array([-0.6694936 ,  0.21979728]), (-1.1, 0.13749999999999996))	False
GPATCH2	ATF3;PROM_RELA	1.3407302907259	0.0760207498596134	False	(array([-0.88443893, -0.10510061]), (-1.1, 0.13749999999999996))	False
GPATCH2	PROM_RELA;SUZ12	1.24257615180491	0.243473126352643	False	((-1.1, 0.13749999999999996), array([ 0.37540088, -0.94763751]))	False
GPATCH2	PARP1;PROM_RELA	1.33648196458813	0.0748135183192431	False	(array([0.16021662, 0.54049987]), (-1.1, 0.13749999999999996))	False
GPATCH2	PROM_RELA;SMAD3	1.66571858196326	0.0007198026211021	False	((-1.1, 0.13749999999999996), array([ 0.87090483, -0.35254754]))	False
GPATCH2	KAT5;PROM_RELA	1.3691767955667	0.0509664019152346	False	(array([0.43628664, 0.71849206]), (-1.1, 0.13749999999999996))	False
GPATCH2	PROM_RELA;USP7	1.25577721016477	0.176761724284157	False	((-1.1, 0.13749999999999996), array([0.76442204, 0.62282629]))	False
GPATCH2	EP300;PROM_RELA	1.70091522716337	0.0002738333164252	False	(array([-0.15997519, -0.02784611]), (-1.1, 0.13749999999999996))	False
GPATCH2	OGT;PROM_RELA	0.858322793017936	0.618503223316086	False	(array([ 0.53225651, -0.86661048]), (-1.1, 0.13749999999999996))	False
GPATCH2	PROM_RELA;TBP	1.49652881869764	0.0103718123883578	False	((-1.1, 0.13749999999999996), array([0.84155281, 0.42658409]))	False
GPATCH2	NCOR2;PROM_RELA	1.57874416781545	0.0027342763155357	False	(array([-0.34748234, -0.61034019]), (-1.1, 0.13749999999999996))	False
GPATCH2	KDM2A;PROM_RELA	0.938064129966059	0.906661423242357	False	(array([ 0.53888698, -0.73134983]), (-1.1, 0.13749999999999996))	False
GPATCH2	PROM_SOX4;SDCBP	0.863437309992205	0.774613518182061	False	((-1.1, 0.55), array([-0.92353866,  0.0588213 ]))	False
GPATCH2	PROM_SOX4;UBE2I	1.01580991541251	0.920113294327673	False	((-1.1, 0.55), array([-0.19957489,  0.09732242]))	False
GPATCH2	EP300;PROM_SOX4	1.03783702474874	0.842011376277277	False	(array([-0.15997519, -0.02784611]), (-1.1, 0.55))	False
GPATCH2	KDM5B;PROM_TFAP2C	0.289226086230264	3.41522402776875e-37	False	(array([-0.8603458 , -0.37269638]), (-1.1666666666666667, 0.89375))	False
GPATCH2	PROM_TFAP2C;RARA	0.414850825475672	6.10245590715162e-24	False	((-1.1666666666666667, 0.89375), array([0.04525469, 0.36621735]))	False
GPATCH2	CITED2;PROM_TFAP2C	0.316222815124043	4.3691101366337904e-35	False	(array([-0.00434749, -0.61249157]), (-1.1666666666666667, 0.89375))	False
GPATCH2	PROM_TFAP2C;UBE2I	0.513185703449817	9.32313604836e-15	False	((-1.1666666666666667, 0.89375), array([-0.19957489,  0.09732242]))	False
GPATCH2	MYC;PROM_TFAP2C	0.426387742085539	3.4664303531427404e-21	False	(array([-0.4641595 , -0.11861117]), (-1.1666666666666667, 0.89375))	False
GPATCH2	IKBKB;PROM_TFAP2C	0.31695272364032	7.796267681001259e-36	False	(array([-0.49332139,  0.06352299]), (-1.1666666666666667, 0.89375))	False
GPATCH2	ENHA_STAT3;SIAH1	0.432038896691733	2.57400955742375e-15	False	((1.1333333333333335, 0.6050000000000002), array([ 0.95310478, -0.17493803]))	False
GPATCH2	ENHA_TWIST1;TP53	0.490397453233349	1.49211517902622e-10	False	((1.1333333333333335, 0.935), array([ 0.3114943 , -0.04666467]))	False
GPATCH2	ENHA_STAT1;TP53	0.534379061565336	9.21835246668862e-13	False	((1.1, 0.55), array([ 0.3114943 , -0.04666467]))	False
GPATCH2	ENHA_SOX4;TP53	0.588041491094242	2.56514999913713e-08	False	((1.1333333333333335, 0.44000000000000017), array([ 0.3114943 , -0.04666467]))	False
GPATCH2	ENHA_TFAP2C;TP53	0.413138921443768	1.1967370246762698e-22	False	((1.1, 0.8800000000000001), array([ 0.3114943 , -0.04666467]))	False
GPATCH2	ENHA_TWIST1;TP53	0.490397453233349	1.49211517902622e-10	False	((1.1333333333333335, 0.935), array([ 0.3114943 , -0.04666467]))	False
GPATCH2	ENHA_RBPJ;TP53	0.511042341036604	2.2184282404817398e-11	False	((1.1666666666666667, 0.33000000000000007), array([ 0.3114943 , -0.04666467]))	False
GPATCH2	PROM_ZBTB7A;TP53	0.600657755084869	1.72034337920009e-08	False	((-1.1333333333333335, 1.03125), array([ 0.3114943 , -0.04666467]))	False
GPATCH2	PROM_STAT1;TP53	1.19736081917294	0.14328995205625	False	((-1.1, 0.7562500000000001), array([ 0.3114943 , -0.04666467]))	False
GPATCH2	PROM_EGR1;TP53	0.351351650037494	9.313642746981639e-33	False	((-1.1333333333333335, -1.03125), array([ 0.3114943 , -0.04666467]))	False
GPATCH2	PROM_TFAP2A;TP53	0.354050268267865	6.13793393496492e-33	False	((-1.1333333333333335, 0.8250000000000002), array([ 0.3114943 , -0.04666467]))	False
GPATCH2	PROM_ETS2;TP53	0.826456817335884	0.316974289403542	False	((-1.1333333333333335, -0.8250000000000001), array([ 0.3114943 , -0.04666467]))	False
GPATCH2	PROM_SP1;TP53	0.34433163461442	1.6560406732057e-31	False	((-1.1333333333333335, 0.6187500000000001), array([ 0.3114943 , -0.04666467]))	False
GPATCH2	PROM_RELA;TP53	1.15188759636684	0.383451765199038	False	((-1.1, 0.13749999999999996), array([ 0.3114943 , -0.04666467]))	False
GPATCH2	PROM_SOX4;TP53	0.934329702824461	0.832886382316204	False	((-1.1, 0.55), array([ 0.3114943 , -0.04666467]))	False
GPATCH2	PROM_TFAP2C;TP53	0.416090644338644	1.57973742229606e-23	False	((-1.1666666666666667, 0.89375), array([ 0.3114943 , -0.04666467]))	False
GPATCH2	FOXJ2;PROM_ZNF148	0.311061932436732	1.8317667743983798e-40	False	(array([ 0.95604724, -0.26383737]), (-1.1666666666666667, 1.1))	False
GPATCH2	PROM_ZNF148;SIAH1	0.236310158984863	4.7095495798502805e-58	False	((-1.1666666666666667, 1.1), array([ 0.95310478, -0.17493803]))	False
GPATCH2	PROM_ZNF148;TP53	0.301262523741148	8.554911626182e-43	False	((-1.1666666666666667, 1.1), array([ 0.3114943 , -0.04666467]))	False
GPATCH2	ENHA_STAT1;HDAC3	0.573217298559546	1.04747134505138e-10	False	((1.1, 0.55), array([ 0.24359208, -0.5024459 ]))	False
GPATCH2	ENHA_GATA2;HDAC3	0.602748634937638	6.22257604057401e-07	False	((1.1666666666666667, -0.8250000000000001), array([ 0.24359208, -0.5024459 ]))	False
GPATCH2	ENHA_NFKB1;HDAC3	0.316464484623344	7.87385215913735e-40	False	((1.1666666666666667, 0.0), array([ 0.24359208, -0.5024459 ]))	False
GPATCH2	ENHA_MEF2D;HDAC3	0.577716578087284	1.99343453314792e-10	False	((1.1, -0.10999999999999999), array([ 0.24359208, -0.5024459 ]))	False
GPATCH2	ENHA_GATA2;HDAC3	0.602748634937638	6.22257604057401e-07	False	((1.1666666666666667, -0.8250000000000001), array([ 0.24359208, -0.5024459 ]))	False
GPATCH2	HDAC3;PROM_STAT1	1.36434718272169	0.0081968637515013	False	(array([ 0.24359208, -0.5024459 ]), (-1.1, 0.7562500000000001))	False
GPATCH2	HDAC3;PROM_RELA	1.51852803510325	0.0063557532208876	False	(array([ 0.24359208, -0.5024459 ]), (-1.1, 0.13749999999999996))	False
GPATCH2	HDAC3;PROM_ZNF148	0.397481417001663	2.04726999059451e-24	False	(array([ 0.24359208, -0.5024459 ]), (-1.1666666666666667, 1.1))	False
GPATCH2	BIRC3;PROM_NFKB1	0.579797746600652	1.98746893045345e-07	False	(array([ 0.81877929, -0.55929571]), (-1.1, -0.06875000000000009))	False
GPATCH2	PROM_NFKB1;STAT3	0.629834207261866	5.00478965431492e-06	False	((-1.1, -0.06875000000000009), array([-0.93597363,  0.26090816]))	False
GPATCH2	COMMD1;PROM_NFKB1	0.491335676121868	4.1141697441499493e-11	False	(array([ 0.98710521, -0.00410675]), (-1.1, -0.06875000000000009))	False
GPATCH2	COMMD8;PROM_NFKB1	0.491335676121868	4.1141697441499493e-11	False	(array([ 0.71329791, -0.72934387]), (-1.1, -0.06875000000000009))	False
GPATCH2	COMMD4;PROM_NFKB1	0.491335676121868	4.1141697441499493e-11	False	(array([-0.75687054,  0.58935942]), (-1.1, -0.06875000000000009))	False
GPATCH2	COMMD6;PROM_NFKB1	0.491335676121868	4.1141697441499493e-11	False	(array([-0.05792058, -0.94339639]), (-1.1, -0.06875000000000009))	False
GPATCH2	NFKBIB;PROM_NFKB1	0.300127739129926	4.41113160858879e-20	False	(array([ 0.21442601, -0.69658563]), (-1.1, -0.06875000000000009))	False
GPATCH2	HSP90AB1;PROM_NFKB1	0.741059724491531	0.0026519641264892	False	(array([0.34847706, 0.85756264]), (-1.1, -0.06875000000000009))	False
GPATCH2	E2F1;PROM_NFKB1	0.825404217739951	0.175864345744831	False	(array([-0.44584087, -0.91430309]), (-1.1, -0.06875000000000009))	False
GPATCH2	PPARG;PROM_NFKB1	0.545279788036059	1.0097970395729902e-09	False	(array([0.27118489, 0.30270529]), (-1.1, -0.06875000000000009))	False
GPATCH2	CEBPB;PROM_NFKB1	0.63591094202418	3.51403194362914e-06	False	(array([0.90213395, 0.21090175]), (-1.1, -0.06875000000000009))	False
GPATCH2	AURKA;PROM_NFKB1	0.71793962007243	0.000470974807136	False	(array([-0.23128171,  0.50778856]), (-1.1, -0.06875000000000009))	False
GPATCH2	COPS5;PROM_NFKB1	0.765162412626428	0.0045818978504287	False	(array([0.67498631, 0.42265926]), (-1.1, -0.06875000000000009))	False
GPATCH2	KPNA3;PROM_NFKB1	0.590933456907499	2.10320545857083e-06	False	(array([ 0.57916947, -0.21859975]), (-1.1, -0.06875000000000009))	False
GPATCH2	HDAC5;PROM_NFKB1	0.631147427250649	7.48704023324563e-06	False	(array([-0.1230301 , -0.97160931]), (-1.1, -0.06875000000000009))	False
GPATCH2	NOTCH1;PROM_NFKB1	0.57412918115154	6.81052840315028e-08	False	(array([ 0.02746811, -0.97199435]), (-1.1, -0.06875000000000009))	False
GPATCH2	HDAC1;PROM_NFKB1	0.76592271021705	0.0040490290046014	False	(array([0.42661042, 0.24809271]), (-1.1, -0.06875000000000009))	False
GPATCH2	FBXW11;PROM_NFKB1	0.63814387895146	5.56531910100156e-06	False	(array([0.63942875, 0.18984033]), (-1.1, -0.06875000000000009))	False
GPATCH2	PML;PROM_NFKB1	0.788367847907509	0.0109473142588365	False	(array([ 0.51225536, -0.51113979]), (-1.1, -0.06875000000000009))	False
GPATCH2	PROM_NFKB1;SMAD4	0.73040377987943	0.0008183185883273	False	((-1.1, -0.06875000000000009), array([0.85777734, 0.54216258]))	False
GPATCH2	GSK3B;PROM_NFKB1	0.690812693245049	8.22139641382845e-05	False	(array([-0.28794423, -0.73097084]), (-1.1, -0.06875000000000009))	False
GPATCH2	BTRC;PROM_NFKB1	0.707125076966534	0.0002728201524565	False	(array([-0.35924484,  0.34313615]), (-1.1, -0.06875000000000009))	False
GPATCH2	IKBKB;PROM_NFKB1	0.579918936680261	5.1911152841861e-08	False	(array([-0.49332139,  0.06352299]), (-1.1, -0.06875000000000009))	True
GPATCH2	CTNNB1;PROM_NFKB1	0.676997838242637	3.69424065297865e-05	False	(array([-0.32458424, -0.88969717]), (-1.1, -0.06875000000000009))	False
GPATCH2	MEN1;PROM_NFKB1	0.549350172596657	3.1772382083008e-09	False	(array([-0.6694936 ,  0.21979728]), (-1.1, -0.06875000000000009))	False
GPATCH2	PARP1;PROM_NFKB1	0.740272060735416	0.0013498926019562	False	(array([0.16021662, 0.54049987]), (-1.1, -0.06875000000000009))	False
GPATCH2	KAT5;PROM_NFKB1	0.723527089522815	0.0005792470839847	False	(array([0.43628664, 0.71849206]), (-1.1, -0.06875000000000009))	False
GPATCH2	EP300;PROM_NFKB1	0.804651871662561	0.0176735148944769	False	(array([-0.15997519, -0.02784611]), (-1.1, -0.06875000000000009))	False
GPATCH2	HDAC3;PROM_NFKB1	0.737096529089833	0.0010124781013156	False	(array([ 0.24359208, -0.5024459 ]), (-1.1, -0.06875000000000009))	False
GPATCH2	CDC73;ENHA_GATA2	0.498038509537481	7.52761688972348e-05	False	(array([-0.80504882,  0.48861641]), (1.1666666666666667, -0.8250000000000001))	False
GPATCH2	CDC73;ENHA_GATA2	0.498038509537481	7.52761688972348e-05	False	(array([-0.80504882,  0.48861641]), (1.1666666666666667, -0.8250000000000001))	False
GPATCH2	CDC73;PROM_RFX5	0.744930807763203	0.0877314426230448	False	(array([-0.80504882,  0.48861641]), (-1.1333333333333335, 0.4125000000000001))	False
GPATCH2	ENHA_TWIST1;HDAC2	0.52844663409863	5.13370223840868e-10	False	((1.1333333333333335, 0.935), array([0.02641276, 0.06579388]))	False
GPATCH2	ENHA_PRDM1;HDAC2	0.559429805506281	3.5221164903294194e-11	False	((1.1333333333333335, 0.27500000000000013), array([0.02641276, 0.06579388]))	False
GPATCH2	ENHA_KLF4;HDAC2	0.259452742427619	1.22679538903102e-53	False	((1.1333333333333335, -0.55), array([0.02641276, 0.06579388]))	False
GPATCH2	ENHA_TWIST1;HDAC2	0.52844663409863	5.13370223840868e-10	False	((1.1333333333333335, 0.935), array([0.02641276, 0.06579388]))	False
GPATCH2	ENHA_RBPJ;HDAC2	0.538527751970203	5.3701310569134195e-11	False	((1.1666666666666667, 0.33000000000000007), array([0.02641276, 0.06579388]))	False
GPATCH2	ENHA_STAT3;HDAC2	0.537747798020955	1.53298998192957e-10	False	((1.1333333333333335, 0.6050000000000002), array([0.02641276, 0.06579388]))	False
GPATCH2	HDAC2;PROM_ZBTB7A	0.710727026594486	0.0001030633808527	False	(array([0.02641276, 0.06579388]), (-1.1333333333333335, 1.03125))	False
GPATCH2	HDAC2;PROM_KLF4	0.408698959225045	7.983793853749231e-25	False	(array([0.02641276, 0.06579388]), (-1.1666666666666667, -0.55))	False
GPATCH2	HDAC2;PROM_KLF5	0.387645455612219	6.59386090940094e-28	False	(array([0.02641276, 0.06579388]), (-1.1, -0.48125000000000007))	False
GPATCH2	HDAC2;PROM_REST	0.816926251094098	0.0260263639057907	False	(array([0.02641276, 0.06579388]), (-1.1333333333333335, 0.20625000000000004))	False
GPATCH2	HDAC2;PROM_SP1	0.444301867176767	1.4276877010268202e-15	False	(array([0.02641276, 0.06579388]), (-1.1333333333333335, 0.6187500000000001))	False
GPATCH2	HDAC2;PROM_RELA	1.65143203784978	0.0007535129327304	False	(array([0.02641276, 0.06579388]), (-1.1, 0.13749999999999996))	False
GPATCH2	HDAC2;PROM_RFX5	1.14356121110345	0.243386236592644	False	(array([0.02641276, 0.06579388]), (-1.1333333333333335, 0.4125000000000001))	False
GPATCH2	ENHA_MEF2D;MAPK14	0.494169145469746	6.972603381826801e-15	False	((1.1, -0.10999999999999999), array([ 0.45427581, -0.84089599]))	False
GPATCH2	ENHA_IRF1;KEAP1	0.377818194082213	1.90722629419101e-28	False	((1.1666666666666667, -0.66), array([-0.65982242, -0.23632926]))	False
GPATCH2	ENHA_NFE2L2;KEAP1	0.40288676650681	4.20025371014454e-14	False	((1.1333333333333335, -0.05499999999999994), array([-0.65982242, -0.23632926]))	False
GPATCH2	KEAP1;PROM_RELA	1.17344063409366	0.342855548843643	False	(array([-0.65982242, -0.23632926]), (-1.1, 0.13749999999999996))	True
GPATCH2	ENHA_NR2F1;FOS	0.389988106954338	2.97820703826395e-26	False	((1.1333333333333335, 0.1100000000000001), array([ 0.67480194, -0.40342001]))	False
GPATCH2	ENHA_STAT1;FOS	0.478431484655691	2.53481990585437e-16	False	((1.1, 0.55), array([ 0.67480194, -0.40342001]))	False
GPATCH2	ENHA_MAF;FOS	0.393603632553893	3.03938527243771e-14	False	((1.1333333333333335, -0.385), array([ 0.67480194, -0.40342001]))	False
GPATCH2	FOS;PROM_STAT1	1.23893925195901	0.0759051420131114	False	(array([ 0.67480194, -0.40342001]), (-1.1, 0.7562500000000001))	False
GPATCH2	FOS;PROM_RELA	1.30335102855936	0.101456694182534	False	(array([ 0.67480194, -0.40342001]), (-1.1, 0.13749999999999996))	False
GPATCH2	MAPK14;PROM_MAZ	0.407876754568039	4.42873208772474e-25	False	(array([ 0.45427581, -0.84089599]), (-1.1, -0.275))	False
GPATCH2	KEAP1;PROM_MAZ	0.330431855079988	6.79553366691896e-36	False	(array([-0.65982242, -0.23632926]), (-1.1, -0.275))	False
GPATCH2	FOS;PROM_MAZ	0.307743106681224	3.57283026421536e-41	False	(array([ 0.67480194, -0.40342001]), (-1.1, -0.275))	False
GPATCH2	ENHA_MEF2A;JUN	0.641612587079713	4.32585338758814e-07	False	((1.1666666666666667, -0.16499999999999992), array([ 0.06545835, -0.40619841]))	False
GPATCH2	ENHA_MEF2D;JUN	0.60035070913163	5.1377372804385e-09	False	((1.1, -0.10999999999999999), array([ 0.06545835, -0.40619841]))	False
GPATCH2	ENHA_NFE2L2;JUN	0.637732111288764	1.33958635248924e-05	False	((1.1333333333333335, -0.05499999999999994), array([ 0.06545835, -0.40619841]))	False
GPATCH2	ENHA_MEF2A;JUN	0.641612587079713	4.32585338758814e-07	False	((1.1666666666666667, -0.16499999999999992), array([ 0.06545835, -0.40619841]))	False
GPATCH2	ENHA_STAT3;JUN	0.532998609375205	2.7357626426436e-10	False	((1.1333333333333335, 0.6050000000000002), array([ 0.06545835, -0.40619841]))	False
GPATCH2	JUN;PROM_EBF3	0.716500882238051	0.0014607305915572	False	(array([ 0.06545835, -0.40619841]), (-1.1, -1.1))	False
GPATCH2	JUN;PROM_TFAP2A	0.428883601475495	6.12417041476268e-22	False	(array([ 0.06545835, -0.40619841]), (-1.1333333333333335, 0.8250000000000002))	False
GPATCH2	JUN;PROM_ETS2	0.89447218981319	0.561664018577457	False	(array([ 0.06545835, -0.40619841]), (-1.1333333333333335, -0.8250000000000001))	False
GPATCH2	JUN;PROM_SP1	0.479879360400096	5.2845424972897605e-14	False	(array([ 0.06545835, -0.40619841]), (-1.1333333333333335, 0.6187500000000001))	False
GPATCH2	JUN;PROM_MAZ	0.388220974101846	7.977865071572239e-28	False	(array([ 0.06545835, -0.40619841]), (-1.1, -0.275))	False
GPATCH2	BANP;PROM_SP2	0.372689726078636	9.657644765242368e-30	False	(array([-0.78743092,  0.64580374]), (-1.1666666666666667, 0.6875))	False
GPATCH2	APP;PROM_SP2	0.373083532160611	4.376372209723159e-28	False	(array([-0.95451338, -0.00773253]), (-1.1666666666666667, 0.6875))	False
GPATCH2	ENHA_SP2;FHL2	0.232317207771974	1.1923763583091e-61	False	((1.1666666666666667, 0.4950000000000001), array([-0.27998556, -0.81443907]))	False
GPATCH2	FHL2;PROM_REL	0.806293738287081	0.369263934086158	False	(array([-0.27998556, -0.81443907]), (-1.1666666666666667, 0.06875000000000009))	False
GPATCH2	FHL2;PROM_SP2	0.348535451116869	7.868747154467509e-33	False	(array([-0.27998556, -0.81443907]), (-1.1666666666666667, 0.6875))	False
GPATCH2	FOXJ2;PROM_RFX3	0.934697550976296	0.702533283087313	False	(array([ 0.95604724, -0.26383737]), (-1.1, 0.34375))	False
GPATCH2	FHL2;PROM_RFX3	0.954526772943818	0.815746037517092	False	(array([-0.27998556, -0.81443907]), (-1.1, 0.34375))	False
GPATCH2	ENHA_GATA2;FHL3	0.613188034667409	4.32062390179142e-05	False	((1.1666666666666667, -0.8250000000000001), array([-0.23751527,  0.85626461]))	False
GPATCH2	ENHA_GATA2;FHL3	0.613188034667409	4.32062390179142e-05	False	((1.1666666666666667, -0.8250000000000001), array([-0.23751527,  0.85626461]))	False
GPATCH2	FHL3;PROM_MZF1	1.13149785488403	0.536297589408956	False	(array([-0.23751527,  0.85626461]), (-1.1333333333333335, -0.20625000000000004))	False
GPATCH2	FHL3;PROM_RFX3	0.827267895191581	0.294635446399815	False	(array([-0.23751527,  0.85626461]), (-1.1, 0.34375))	False
