protein	is_enhancer	is_promoter	is_intermediate	X-graph-coord	Y-graph-coord	degree	expression_log2FoldChange	expression_padj	SNP-binding	Betweenness_global	Degree_global	Betweenness_in_cluster	Betweenness_out_cluster	Betweenness_enrichment	Degree_in_cluster	Degree_out_cluster	Degree_enrichment	Betweenness_enrichment_pval	Degree_enrichment_pval	fisher_test_OR	fisher_test_pval
ENHA_TEAD3	True	False	False	1.1666666666666667	0.7977099236641221	1	-1.73704433724737	3.162597211463e-40	False											7.79638545985277	6.41556196276347e-56
ENHA_AR	True	False	False	1.1	-1.1	35	0.367597826345658	8.286257086481861e-10	False											9.77032043703289	7.97070231297382e-67
ENHA_EHF	True	False	False	1.1666666666666667	-0.8648854961832062	2	1.88526498951326	2.4863645701402698e-185	False											20.4507137139845	2.2716837595183845e-60
ENHA_IRF9	True	False	False	1.1333333333333335	-0.37786259541984735	1	-4.72276745596063	2.67135164718135e-225	False											4.85510285214224	1.38861829028788e-20
ENHA_STAT3	True	False	False	1.1666666666666667	0.6969465648854962	22	-0.13163942522722	0.0914843663541713	False											10.29143694072495	1.1536935837073355e-68
ENHA_RFX3	True	False	False	1.1333333333333335	0.4282442748091604	2	1.29518564494931	2.61532881750928e-09	False											8.373494489113579	6.51642209205301e-59
ENHA_MAZ	True	False	False	1.1	-0.09236641221374042	4	1.17636897308062	2.95636464524114e-88	False											9.903474486748655	1.5213398006923896e-59
ENHA_GATA6	True	False	False	1.1	-0.5961832061068703	1	-1.40403062398768	1.91110113852165e-08	False											5.62189549664377	9.27253899136727e-40
ENHA_TEAD1	True	False	False	1.1	0.7641221374045801	4	-3.09819901379961	1.5394834772998e-296	False											11.613864993263501	7.574061349792315e-71
ENHA_KLF4	True	False	False	1.1	-0.24351145038167943	10	-4.0236383329462	1.2985292682091302e-211	False											33.2571128961372	7.455391418937302e-53
ENHA_CEBPB	True	False	False	1.1666666666666667	-1.016030534351145	15	-1.24764079331658	9.42804687986243e-41	False											10.4341729147092	8.68477713699749e-56
ENHA_THRB	True	False	False	1.1333333333333335	0.8816793893129771	7	1.21953043880219	8.56338194398239e-20	False											7.94927398235065	1.6059450502796799e-56
ENHA_FOXP1	True	False	False	1.1	-0.6465648854961833	3	1.23058638748909	9.34625524205785e-17	False											20.1245487053702	3.22390024835718e-45
ENHA_EGR1	True	False	False	1.1333333333333335	-0.8816793893129772	13	-3.04567725393117	0.0	False											14.276480275435	2.53340270091276e-60
ENHA_HMBOX1	True	False	False	1.1666666666666667	-0.5122137404580154	13	-0.195240917493415	0.500208531231606	False											6.48743977059164	2.48289817106018e-25
ENHA_MAF	True	False	False	1.1666666666666667	-0.15954198473282444	2	4.90755187657154	5.48369160876712e-20	False											6.008039283250055	1.5706147327914468e-43
ENHA_PRDM1	True	False	False	1.1	0.31068702290076344	5	-6.53099636690485	2.85150155789745e-13	False											6.96662811660465	2.4015098210486e-38
ENHA_KLF11	True	False	False	1.1	-0.29389312977099236	5	-0.441334750720284	0.0038049154602967	False											9.33796605524581	1.2458507419689801e-61
ENHA_NFE2L1	True	False	False	1.1666666666666667	-0.008396946564885432	3	-0.255367602767525	4.44953892701778e-06	False											9.67855725494106	1.04349524212007e-66
ENHA_KLF9	True	False	False	1.1	-0.1931297709923665	1	0.780085327606089	4.63130065865619e-16	False											36.196301926546	4.97679309368354e-57
ENHA_SP4	True	False	False	1.1333333333333335	0.6297709923664123	2	-0.817158610473196	7.14173690207365e-06	False											7.990598784518085	4.314895277944762e-50
ENHA_TCF7L2	True	False	False	1.1666666666666667	0.7473282442748093	12	-1.66318182589027	1.90410966467924e-12	False											7.872581323202795	9.187190224174598e-57
ENHA_NFATC4	True	False	False	1.1333333333333335	-0.02519083969465652	7	-0.710503498140033	0.0854050478704199	False											7.86339697353891	5.81163877586877e-53
ENHA_FOXO3	True	False	False	1.1666666666666667	-0.6633587786259543	15	1.24156433831413	4.17412683231984e-59	False											6.38437611019111	7.50205213548244e-47
ENHA_SMAD5	True	False	False	1.1	0.5122137404580154	11	-0.55191037181361	1.07120145141059e-09	False											6.51604895800212	1.48107409969749e-29
ENHA_SRF	True	False	False	1.1	0.6633587786259543	9	-0.846050153224634	1.6988848194520402e-17	False											8.13207236625714	4.07409675702046e-57
ENHA_HIC2	True	False	False	1.1333333333333335	-0.5290076335877864	1	-0.742373387918475	0.0050959680607574	False											9.61194590150762	5.82610295555706e-58
ENHA_RBPJ	True	False	False	1.1	0.36106870229007626	17	0.115047690168036	0.250723186308428	False											7.28443514987365	1.61543298901306e-50
ENHA_JUN	True	False	False	1.1666666666666667	-0.36106870229007637	45	1.11265479843166	9.128250855418809e-40	False											7.83215975067666	1.55207118844324e-53
ENHA_NFKB2	True	False	False	1.1666666666666667	0.041984732824427384	9	-1.71781633176476	4.4824481230612196e-57	False											7.36335246928511	1.14893619254978e-50
ENHA_ZNF148	True	False	False	1.1333333333333335	1.0328244274809162	5	-0.834924716402328	2.2398601186884702e-14	False											25.0578035135323	4.47683100807939e-64
ENHA_PLAG1	True	False	False	1.1666666666666667	0.24351145038167932	2	-6.54340952873669	2.50212753156315e-17	False											11.766386962257709	1.395322721179162e-44
ENHA_JUND	True	False	False	1.1333333333333335	-0.3274809160305344	10	1.49686913023121	2.5156694931318598e-49	False											8.78805055397026	7.423169703130433e-60
ENHA_SOX12	True	False	False	1.1666666666666667	0.5458015267175573	1	4.44475163042496	0.0	False											5.5042230604559	1.22452239114133e-24
ENHA_E2F3	True	False	False	1.1333333333333335	-0.9320610687022901	6	-0.179387854307953	0.205499793628424	False											5.3495646356975	1.9897198879893448e-18
ENHA_PRDM4	True	False	False	1.1333333333333335	0.3274809160305343	1	-1.11032437821805	2.54671140550143e-21	False											12.5654373985288	3.4350390548619898e-71
ENHA_ELF3	True	False	False	1.1333333333333335	-0.8312977099236643	5	1.20019564579332	1.62568910285003e-17	False											10.7371170834043	9.81780300162696e-52
ENHA_FOS	True	False	False	1.1	-0.7473282442748093	25	0.498702747190724	0.0001190838470953	False											8.27175476571965	1.2767567707914e-57
ENHA_SP3	True	False	False	1.1	0.6129770992366412	2	-0.775224946273101	3.1953368976117602e-21	False											19.38430313833065	3.820720014108534e-67
ENHA_NR2F1	True	False	False	1.1666666666666667	0.14274809160305346	2	2.15204275920652	0.261152651338228	False											22.0300656358455	7.201319396608442e-53
ENHA_TGIF1	True	False	False	1.1666666666666667	0.8480916030534351	7	-1.20350404197994	3.7085419261577503e-25	False											7.44622654802622	5.33340354279686e-54
ENHA_TP53	True	False	False	1.1666666666666667	0.8984732824427482	65	0.19430270080352	0.0080827699159202	False											13.3121602982461	6.30976243904918e-84
ENHA_HSF1	True	False	False	1.1666666666666667	-0.46183206106870234	7	-0.517612617299572	3.01218728661796e-10	False											8.61319363869147	2.91908591909552e-60
ENHA_ATF2	True	False	False	1.1333333333333335	-1.083206106870229	28	-1.17700877218428	6.62215113985468e-25	False											10.461851388790901	2.687279213796755e-70
ENHA_NFYA	True	False	False	1.1	0.05877862595419847	9	-0.0915135849268477	0.47203848786843	False											10.0285679892029	3.42280384029619e-69
ENHA_RFX1	True	False	False	1.1	0.4114503816793893	4	0.448877259836791	0.015588998058263	False											7.86917978921469	8.622299665159461e-56
ENHA_ZEB1	True	False	False	1.1666666666666667	0.999236641221374	3	-0.292547712357605	0.878084518955477	False											35.228807526361	1.52224843710908e-57
ENHA_NR2C2	True	False	False	1.1333333333333335	0.12595419847328237	4	1.21967989309265	1.37592237798234e-17	False											8.996726650632654	2.344402265441782e-55
ENHA_NR2C1	True	False	False	1.1	0.10916030534351151	3	-0.0506767330496537	0.792328041497245	False											6.49798529208241	1.49285401621424e-47
ENHA_SP2	True	False	False	1.1666666666666667	0.5961832061068701	3	-0.0147266859935625	0.930346069146716	False											45.2610301500114	1.2564655065809e-51
ENHA_MAX	True	False	False	1.1666666666666667	-0.10916030534351151	14	0.371354138784978	0.0003333213229736	False											10.73573522617925	2.7537708632527517e-63
ENHA_CREB1	True	False	False	1.1333333333333335	-0.9824427480916031	24	-0.600232504411478	4.5967343029176706e-09	False											20.03178432242455	1.1523575084169399e-79
ENHA_GABPA	True	False	False	1.1333333333333335	-0.6297709923664123	6	1.45005565467442	2.0852722753028797e-36	False											15.341949454319849	2.2589195798792637e-60
ENHA_PAX9	True	False	False	1.1	0.20992366412213737	1	-1.10262557438442	1.73279193476292e-07	False											6.78227040727359	1.54581189676597e-35
ENHA_KLF6	True	False	False	1.1666666666666667	-0.20992366412213748	1	-3.57376949918831	9.94736614463194e-290	False											5.97303568315601	1.9881049902221397e-40
ENHA_SP1	True	False	False	1.1333333333333335	0.5793893129770993	56	-0.733707104214519	4.5131323926585794e-18	False											13.19418309251385	1.2312574815878555e-38
ENHA_STAT1	True	False	False	1.1333333333333335	0.6801526717557251	19	-4.62037343801228	3.18474888731901e-209	False											19.6483198615888	1.66752744964425e-56
ENHA_FOXK1	True	False	False	1.1	-0.6969465648854962	11	0.574039276976994	4.44166865271061e-09	False											6.1993129216619	1.0759914776000401e-44
ENHA_SOX4	True	False	False	1.1	0.5625954198473282	4	1.48397070715163	3.93966068172735e-73	False											9.374490651929605	1.0476057511485572e-56
ENHA_ZNF740	True	False	False	1.1666666666666667	1.1	1	0.193961958381287	0.0628387066614002	False											17.7531575312765	1.09409240080797e-63
ENHA_ATF4	True	False	False	1.1666666666666667	-1.0664122137404581	8	0.978806570040113	1.10319700416947e-82	False											7.34825188030389	3.6328123343392704e-53
ENHA_LEF1	True	False	False	1.1333333333333335	-0.1763358778625954	4	1.16070839588944	0.107054036289159	False											6.19698416258336	7.50824330607481e-45
ENHA_HOXC4	True	False	False	1.1333333333333335	-0.4786259541984733	2	3.03520393820426	9.7671483186167e-18	False											5.908959524804915	7.985381915189718e-26
ENHA_POU2F1	True	False	False	1.1	0.2603053435114504	9	-0.0730220925286118	0.627787826626805	False											5.34591755015142	2.33734838543904e-37
ENHA_MAFK	True	False	False	1.1333333333333335	-0.12595419847328249	1	0.564777982067179	2.74057634209247e-08	False											7.69962161330238	1.44187579755416e-32
ENHA_MEF2C	True	False	False	1.1666666666666667	-0.05877862595419847	3	1.46699496505546	0.582772779974055	False											11.3918331135506	9.522321772246389e-55
ENHA_KLF2	True	False	False	1.1333333333333335	-0.2770992366412214	6	2.91214006178269	1.1394009815664e-06	False											18.2472658748379	1.9626306290666928e-50
ENHA_NFKB1	True	False	False	1.1333333333333335	0.02519083969465652	23	-1.14746090520674	3.71257051919243e-33	False											13.9021182948824	1.9623733725060702e-47
ENHA_NFIB	True	False	False	1.1	0.008396946564885432	1	-0.456247574244742	5.1950932621203e-05	False											12.944373941387	1.88952654943182e-55
ENHA_ETV4	True	False	False	1.1666666666666667	-0.7641221374045802	1	-4.11796738052689	1.1065726620988e-30	False											13.7078685502786	7.69871400818655e-65
ENHA_KLF5	True	False	False	1.1333333333333335	-0.22671755725190845	23	-5.67652439532414	1.21080876011697e-253	False											33.807282899385	1.58407894012085e-62
ENHA_FOXA1	True	False	False	1.1666666666666667	-0.7137404580152673	7	5.7014164002563	0.0	False											8.0025600215212	1.85410326721116e-50
ENHA_THAP11	True	False	False	1.1	0.8648854961832062	5	0.501776528639501	0.0004718146679075	False											9.42729401418834	4.34880934003247e-60
ENHA_TCF3	True	False	False	1.1	0.7137404580152671	6	-0.618416770768274	3.12037583302014e-13	False											28.3872694457373	1.0848385186210152e-53
ENHA_ESRRA	True	False	False	1.1	-0.7977099236641222	5	1.10409017357047	9.40917820554554e-34	False											7.74866566849785	2.1483699959513003e-55
ENHA_ESR2	True	False	False	1.1666666666666667	-0.8145038167938932	5	3.10191642117498	0.0302281855584287	False											8.36054541549508	8.414245683868081e-60
ENHA_YY1	True	False	False	1.1666666666666667	0.948854961832061	23	-0.538679781895407	1.62040735838636e-12	False											8.4176419072246	5.27416370804051e-57
ENHA_IRF3	True	False	False	1.1666666666666667	-0.4114503816793894	13	-0.741767567552619	5.2616063874333e-12	False											8.18432485487352	3.50366013779939e-56
ENHA_USF2	True	False	False	1.1333333333333335	0.9320610687022901	4	1.05894712497317	3.42859503696686e-32	False											9.412299970901302	1.8551517732113056e-59
ENHA_TP73	True	False	False	1.1	0.9152671755725192	15	0.984521247569377	0.0018736401375279	False											9.57416482426027	5.71109725026777e-66
ENHA_TEAD2	True	False	False	1.1333333333333335	0.7809160305343512	7	-1.49345782959318	3.3648917275816095e-11	False											9.48265965850263	6.73301070133987e-65
ENHA_JUNB	True	False	False	1.1	-0.3442748091603054	11	-2.09178732845927	2.5118998110314602e-87	False											7.97739802968165	7.80709997357226e-56
ENHA_ZNF24	True	False	False	1.1666666666666667	1.049618320610687	3	0.796823491162963	3.1275123863905497e-26	False											5.96128748318468	9.13030826373064e-44
ENHA_ZBTB18	True	False	False	1.1	0.9656488549618323	1	-0.434969739122538	0.0422253253147413	False											11.4537011067431	1.4927534286463098e-70
ENHA_GLI3	True	False	False	1.1666666666666667	-0.5625954198473283	1	-3.01530386004786	4.55622017655868e-29	False											12.2018104543439	3.01623670088602e-57
ENHA_ZNF449	True	False	False	1.1	1.066412213740458	1	0.303725445668206	0.310099506615988	False											3.59851119230436	8.164780130453259e-11
ENHA_TFDP1	True	False	False	1.1333333333333335	0.831297709923664	8	-1.49951127569777	7.75563052587775e-94	False											5.594409987829405	1.7816092093034052e-31
ENHA_CEBPD	True	False	False	1.1	-0.9992366412213741	8	-1.31700649745662	1.2755748215574602e-15	False											6.244354735111745	3.1273639893518654e-43
ENHA_MEF2A	True	False	False	1.1333333333333335	-0.07557251908396956	8	-1.40227039880436	1.06339595756953e-41	False											14.63798853253599	5.030329377314258e-45
ENHA_NR1D2	True	False	False	1.1666666666666667	0.09236641221374042	1	0.169407516340098	0.0882087056795906	False											7.26619829491735	7.37770454676775e-53
ENHA_ZNF460	True	False	False	1.1333333333333335	1.0832061068702292	1	1.21538597859962	5.59628789323162e-05	False											13.6097762436731	1.30481781058778e-53
ENHA_BCL6	True	False	False	1.1	-1.049618320610687	17	1.64820319699614	4.6414457274630494e-36	False											8.62682344738505	3.68047493156319e-57
ENHA_KLF3	True	False	False	1.1666666666666667	-0.2603053435114504	1	-1.197333279171	1.34181289785449e-37	False											13.4952440226016	3.59669784484646e-68
ENHA_SMAD3	True	False	False	1.1666666666666667	0.4954198473282443	34	-2.16165222493266	8.320005204690681e-58	False											6.869522923335101	6.92817224654073e-33
ENHA_PPARD	True	False	False	1.1666666666666667	0.29389312977099236	10	-0.602154107746966	7.60971979070887e-07	False											8.060577208399705	1.4950931001787634e-57
ENHA_SPIB	True	False	False	1.1666666666666667	0.6465648854961832	2	-1.0201436715832	0.760095716867361	False											8.662699647605276	2.67057908697123e-29
ENHA_CEBPA	True	False	False	1.1333333333333335	-1.0328244274809162	14	1.40831619900991	1.6381761926368402e-19	False											8.368799189685815	2.141938575575515e-58
ENHA_NFATC3	True	False	False	1.1	-0.041984732824427606	1	0.548181206572617	2.53394364796607e-07	False											7.69589449109872	1.20441877798772e-55
ENHA_RFX5	True	False	False	1.1666666666666667	0.44503816793893125	1	1.40907204845787	1.98813036760513e-40	False											10.6606370961488	3.09962272417571e-59
ENHA_GMEB2	True	False	False	1.1	-0.5458015267175573	1	-0.620642811968179	1.6060476810771e-09	False											3.8352562035139	1.06495291988299e-05
ENHA_IRF2	True	False	False	1.1333333333333335	-0.4282442748091604	6	-0.999846228400885	2.25381393956001e-07	False											7.5304904757079445	3.02988150028425e-53
ENHA_IRF7	True	False	False	1.1	-0.3946564885496183	4	-3.83408099935248	6.50427053228451e-298	False											6.250428670411985	8.617939117417907e-45
ENHA_MAFG	True	False	False	1.1	-0.14274809160305346	2	-0.719696590260469	9.811558121276439e-11	False											7.32837648670928	1.4509858612862078e-46
ENHA_OSR2	True	False	False	1.1666666666666667	0.1931297709923665	1	-0.89735473438583	0.0005469266625163	False											11.6678679761013	5.40424353212237e-75
ENHA_HOXA10	True	False	False	1.1	-0.4954198473282443	1	-0.433970381696337	0.0578570889708571	False											6.24255055762757	1.9886044553544902e-45
ENHA_NFYB	True	False	False	1.1333333333333335	0.07557251908396934	4	-0.98479218253161	7.82346285682545e-14	False											9.18251944534077	5.15347784720337e-60
ENHA_ZBTB7A	True	False	False	1.1333333333333335	0.9824427480916031	6	-0.0362829210068259	0.736088995669794	False											8.072195851944025	1.069788507316555e-41
ENHA_E2F1	True	False	False	1.1	-0.9488549618320612	18	-1.58598313818408	1.07173313586322e-50	False											6.351108102632045	8.1853563830902e-46
ENHA_RARA	True	False	False	1.1666666666666667	0.3442748091603054	19	-0.134025346348399	0.470907401425808	False											7.30891287415237	1.2064392356102302e-52
ENHA_E2F6	True	False	False	1.1	-0.8984732824427482	10	-0.254228650675088	0.250420646955463	False											6.31124117693728	1.367612737565035e-45
ENHA_RXRB	True	False	False	1.1333333333333335	0.4786259541984732	4	1.20101849216797	1.7279579237566198e-27	False											6.57256003523162	3.2355864540461956e-39
ENHA_RELB	True	False	False	1.1333333333333335	0.37786259541984735	8	-4.88864376559046	2.62305632082237e-58	False											7.358617261963156	3.0227681788124926e-49
ENHA_KLF10	True	False	False	1.1666666666666667	-0.31068702290076344	5	-1.93024821190597	1.00083757814832e-81	False											12.0218190540095	1.37726652599392e-71
ENHA_ELF1	True	False	False	1.1	-0.8480916030534351	3	-2.15837082837145	4.647988010054e-98	False											8.72629763752772	1.64193488112985e-61
ENHA_IRF1	True	False	False	1.1	-0.44503816793893136	10	-4.0231535461388	8.02847625817727e-85	False											55.1455512717533	5.887696222775062e-37
ENHA_PBX2	True	False	False	1.1333333333333335	0.22671755725190845	1	0.0108784421307743	0.927722010391981	False											11.0135624788343	7.486042496128001e-70
ENHA_NR4A2	True	False	False	1.1333333333333335	0.1763358778625954	2	0.0294709005446628	0.972820468473888	False											9.382622888480434	6.477279118197909e-64
ENHA_REST	True	False	False	1.1666666666666667	0.3946564885496182	6	-0.26340778686432	0.01034300165799	False											19.31843836909475	9.68041807776176e-51
ENHA_GATA2	True	False	False	1.1666666666666667	-0.6129770992366412	7	3.96311114709988	0.0	False											6.50547062831741	2.34980081823085e-47
ENHA_ETV1	True	False	False	1.1333333333333335	-0.7809160305343512	6	8.80173078687327	1.15562626144965e-107	False											8.055008938580665	1.9124908201270976e-45
ENHA_CTCF	True	False	False	1.1666666666666667	-0.9656488549618322	4	-0.109990033571817	0.283857674973301	False											13.0988726713567	2.042135211133775e-71
ENHA_TFAP4	True	False	False	1.1	0.8145038167938932	2	1.12904754124613	1.8391562200158797e-11	False											6.45852642946992	2.054001025565335e-46
ENHA_E2F4	True	False	False	1.1666666666666667	-0.9152671755725191	11	-0.997654425537182	5.94541298065313e-24	False											4.93564279310118	1.22059329768527e-33
ENHA_POU5F1	True	False	False	1.1333333333333335	0.27709923664122127	1	-1.16058416310431	0.195070515239064	False											7.47336917952717	7.33731457513611e-54
ENHA_ZNF136	True	False	False	1.1	1.0160305343511449	1	-0.626471779596712	0.0113281985893696	False											8.62038183160487	3.21448984574062e-60
ENHA_GFI1	True	False	False	1.1333333333333335	-0.5793893129770993	2	-0.0375258764234129	0.981433505756066	False											5.388975025739555	1.8007638792801256e-32
ENHA_FOSL2	True	False	False	1.1333333333333335	-0.7305343511450382	3	-3.0226820248758	1.8258994682084e-290	False											7.07857180989041	2.6984187320593397e-50
ENHA_TCF4	True	False	False	1.1333333333333335	0.7305343511450382	13	-0.234793954519332	0.642460693171194	False											14.7609466381938	2.1701985913149503e-46
ENHA_SNAI2	True	False	False	1.1333333333333335	0.5290076335877862	1	-7.39045172449115	2.3935402877077702e-54	False											51.8678313863104	9.2590360341152e-58
ENHA_FOXK2	True	False	False	1.1333333333333335	-0.6801526717557252	16	-0.810549760351143	8.7594450497324e-24	False											6.851744327777265	2.440292873679956e-48
ENHA_RREB1	True	False	False	1.1	0.46183206106870234	5	-0.0735253190793003	0.467070376592638	False											40.2707750354322	5.157765921237319e-55
ENHA_NR4A1	True	False	False	1.1	0.15954198473282433	11	-0.313752055108596	0.111151395127448	False											6.67448467901184	6.7360926526208794e-49
PROM_TFAP2C	False	True	False	-1.1666666666666667	0.48888888888888893	10	-0.853382865494771	5.1225313213023e-10	False											5.404196372089065	8.961113801712586e-33
PROM_KLF2	False	True	False	-1.1666666666666667	-0.4277777777777778	6	2.91214006178269	1.1394009815664e-06	False											6.659343016584424	6.633234743457949e-31
PROM_E2F4	False	True	False	-1.1333333333333335	-1.038888888888889	14	-0.997654425537182	5.94541298065313e-24	False											4.1960628052484	3.229553083181913e-23
PROM_E2F1	False	True	False	-1.1	-1.1	28	-1.58598313818408	1.07173313586322e-50	False											2.926153483028725	1.511586973362057e-15
PROM_SP3	False	True	False	-1.1666666666666667	0.3055555555555556	3	-0.775224946273101	3.1953368976117602e-21	False											10.9485296272706	2.5230835422542602e-73
PROM_ZNF460	False	True	False	-1.1666666666666667	1.0388888888888892	1	1.21538597859962	5.59628789323162e-05	False											8.87171350843981	5.7979177517285e-42
PROM_EGR1	False	True	False	-1.1	-0.9166666666666667	22	-3.04567725393117	0.0	False											20.012179810055798	2.316661733733265e-62
PROM_SP1	False	True	False	-1.1	0.18333333333333335	72	-0.733707104214519	4.5131323926585794e-18	False											19.4089283940776	5.416048922088928e-43
PROM_ELK1	False	True	False	-1.1333333333333335	-0.8555555555555556	14	-0.477522218972344	1.60019208158001e-05	False											1.38401837548281	0.0548150621669947
PROM_SP2	False	True	False	-1.1333333333333335	0.24444444444444446	3	-0.0147266859935625	0.930346069146716	False											31.5240627456094	2.58299085917139e-37
PROM_VEZF1	False	True	False	-1.1666666666666667	0.6722222222222223	1	-0.961337797660412	9.83292929448264e-21	False											3.86345097098333	1.64590196000526e-18
PROM_TFDP1	False	True	False	-1.1	0.55	19	-1.49951127569777	7.75563052587775e-94	False											3.08496311133365	5.46921707514676e-19
PROM_NFIB	False	True	False	-1.1333333333333335	-0.12222222222222223	4	-0.456247574244742	5.1950932621203e-05	False											2.13529574328365	4.060521328321073e-07
PROM_KLF11	False	True	False	-1.1	-0.55	6	-0.441334750720284	0.0038049154602967	False											6.23390635670009	5.093210823508458e-38
PROM_SNAI1	False	True	False	-1.1333333333333335	0.061111111111111116	16	0.302473665797371	0.690792742031882	False											1.0609294701780199	0.7699613228826625
PROM_KLF4	False	True	False	-1.1	-0.3666666666666667	10	-4.0236383329462	1.2985292682091302e-211	False											7.986816591902521	4.8671335475749054e-30
PROM_ZNF449	False	True	False	-1.1333333333333335	0.9777777777777779	1	0.303725445668206	0.310099506615988	False											2.51253896036198	2.5378129977914e-08
PROM_GLIS2	False	True	False	-1.1333333333333335	-0.6722222222222223	2	-1.62725569904339	1.59319548816921e-26	False											3.4261863868631397	2.638691987107888e-07
PROM_SP4	False	True	False	-1.1	0.3666666666666667	3	-0.817158610473196	7.14173690207365e-06	False											4.73157229123675	2.70757660814062e-31
PROM_KLF9	False	True	False	-1.1666666666666667	-0.24444444444444446	1	0.780085327606089	4.63130065865619e-16	False											4.78044754381494	1.54165250990073e-27
PROM_KLF15	False	True	False	-1.1333333333333335	-0.48888888888888893	7	4.1833301961753	7.76478681528587e-34	False											11.1716678385268	4.78693234371019e-75
PROM_ETV5	False	True	False	-1.1	-0.7333333333333334	3	-6.35389406734804	2.00081324401449e-38	False											2.00545365064497	3.95154143858529e-06
PROM_ZNF740	False	True	False	-1.1	1.1	1	0.193961958381287	0.0628387066614002	False											3.54024828551678	4.4721853466343e-21
PROM_ZBTB33	False	True	False	-1.1333333333333335	0.7944444444444445	7	0.0007522082996357	0.99556105731165	False											3.63263537458231	1.26676921612053e-13
PROM_ZBTB7A	False	True	False	-1.1666666666666667	0.8555555555555556	14	-0.0362829210068259	0.736088995669794	False											4.248010668046555	5.686716879611925e-29
PROM_TFAP2A	False	True	False	-1.1333333333333335	0.4277777777777778	19	-3.2635472309405	5.28479283829799e-135	False											6.27459653115173	6.55258469951213e-27
PROM_THAP1	False	True	False	-1.1333333333333335	0.6111111111111112	18	-0.731260560585431	0.000533619784927	False											3.7428590203694396	2.36378204150489e-07
PROM_ZNF148	False	True	False	-1.1	0.9166666666666665	8	-0.834924716402328	2.2398601186884702e-14	False											19.84437329746005	1.142614184342315e-58
PROM_E2F6	False	True	False	-1.1666666666666667	-0.9777777777777779	13	-0.254228650675088	0.250420646955463	False											5.67142426899199	6.13216326954039e-29
PROM_HINFP	False	True	False	-1.1666666666666667	-0.6111111111111112	2	-0.181229002166889	0.339807468547872	False											6.54221318557268	2.6409972629163426e-39
PROM_ELK4	False	True	False	-1.1666666666666667	-0.7944444444444445	5	-0.369596151241468	0.0001338355819297	False											1.54293030896352	0.0034462874143946
PROM_SNAI2	False	True	False	-1.1666666666666667	0.12222222222222223	2	-7.39045172449115	2.3935402877077702e-54	False											2.2075919410588	0.20861277685998125
PROM_PLAG1	False	True	False	-1.1	0.0	3	-6.54340952873669	2.50212753156315e-17	False											3.7517205993427	1.68967863707316e-20
PROM_KLF5	False	True	False	-1.1333333333333335	-0.3055555555555556	30	-5.67652439532414	1.21080876011697e-253	False											10.70056316915855	2.066875092387053e-41
PROM_MAZ	False	True	False	-1.1	-0.18333333333333335	8	1.17636897308062	2.95636464524114e-88	False											8.16120672015129	1.10421585115361e-39
PROM_ZBTB14	False	True	False	-1.1	0.7333333333333334	15	0.199578449457849	0.276866371694849	False											7.76333760939931	1.00706215547901e-52
PROM_NRF1	False	True	False	-1.1666666666666667	-0.061111111111111116	8	0.574993565944285	8.28850880542686e-05	False											3.98914738011131	8.9413438126495e-25
JUND	False	False	True	0.5819500089811696	-0.8397557220949686	8	1.49686913023121	2.5156694931318598e-49	False	0.0001870371701645	0.0051234280391243	0.0027060323990941	0.0020192628789115	1.34010902065054	0.0254878601925693	0.0205670303390191	1.23925816087384	0.0	0.0	12.6820167172502	7.7671603295646e-29
APPL1	False	False	True	0.5718454169318116	0.8727072773145033	2	-0.311475338881936	0.0007098903458436	False	0.0008957634553844	0.0065207265952491	0.0001702886596777	0.000589505429543	0.288866991114396	0.0050237652478794	0.0076072317909703	0.660393344901441	1.0	1.0	32.7691262510063	1.03645059242049e-110
YAF2	False	False	True	0.9247354295040946	-0.09112468269120208	3	-1.15354629788033	3.1252913455512904e-09	False	0.0002608153160302	0.0060549604098742	0.0001653716847994	0.0005373694538722	0.307742994336217	0.0077656837118558	0.011135434871258	0.697384862076653	1.0	1.0	6.30641516264846	6.22292413904642e-44
FBXW7	False	False	True	-0.5717976999738137	0.765473828681339	7	-0.570085961016235	0.0019896081047041	False	0.0005999955155609	0.0055891942244993	0.0035803905898145	0.0030114536323743	1.18892436241549	0.0269388095040155	0.0219946741057208	1.2247878452088	0.07	0.0	28.3960718936724	4.97804092178084e-34
ZBTB24	False	False	True	-0.9405831213855473	0.38054672214468005	2	-0.319611714431396	0.0705776477730191	False	0.0001820864556641	0.0037261294829995	8.24061946149771e-05	0.0005594225254449	0.14730582139044	0.0030518729932928	0.0067939883756931	0.449201974529646	1.0	1.0	7.19229979155482	3.77954445557856e-32
MORF4L1	False	False	True	-0.9648515363854585	-0.06631813775118747	2	0.827578346480006	4.19586280384617e-35	False	0.0016649783679801	0.0090824406148113	0.0002439295249439	0.0006408895929346	0.380610837862112	0.0047148796460047	0.0079430910417398	0.593582475792949	0.998	1.0	4.2263109130525	2.37119096844077e-14
PRKAA1	False	False	True	0.9593156738680922	0.3122273256530072	2	0.90974191642094	5.4243521975481805e-31	False	0.0020552776053732	0.0107126222636237	0.0002634787942634	0.0008936800955771	0.294824507748803	0.0048023102451101	0.0081502186526939	0.589224712826908	0.997	1.0	3.44281432308833	2.72801366142201e-10
MYC	False	False	True	0.8735137571116236	0.406172472456636	12	0.678826795642739	2.0942350848026002e-26	False	0.0473939593756431	0.0707964601769911	0.0050538334000531	0.0054084595570419	0.934431208507965	0.0439661939073915	0.0341322976941693	1.28811116970019	0.83	0.0	0.930371834954391	0.61853869120762
KHDRBS1	False	False	True	-0.10854613457625842	-0.9496617700786135	3	-0.103432653595151	0.158219127798042	False	0.0020399555984696	0.0093153237074988	3.18629706975867e-05	0.0001565777479691	0.203496161560975	0.0051312248066661	0.0081002370199979	0.633466007722747	1.0	1.0	7.53367679011698	4.70929319322952e-53
BYSL	False	False	True	0.12030506600359782	-0.9355735468923029	3	0.0861615732245622	0.56066545174752	False	0.0009234458021935	0.0076851420586865	9.39881140753463e-05	0.0002601123427799	0.361336617366383	0.0045828181819346	0.0079388868521812	0.577262060445602	1.0	1.0	9.03424107527023	1.1192800782244901e-63
EZH2	False	False	True	0.7798901747044898	-0.597097044092158	2	-0.943785813606321	4.5971087431871705e-15	False	0.0002661162925857	0.0062878435025617	0.0001450418695577	0.0002511962033115	0.577404704552256	0.0077092999385205	0.0085800170687697	0.898518018872191	0.999	0.964	4.16623133189351	8.64057119896277e-26
BRCA1	False	False	True	0.7840441874423603	-0.1208854481853686	12	-1.84401754558121	9.34447049035991e-63	False	0.0022788857293502	0.0160689333954355	0.0027528541458208	0.0028816422610048	0.955307389495639	0.030597168820184	0.023552051223162	1.2991296821779	0.712	0.0	inf	3.40366582760869e-27
PRKAB2	False	False	True	0.46643016778705193	0.8853372145437135	2	-1.46686393150303	7.1853363017126e-28	False	0.0011178305666712	0.0069864927806241	0.000612584571754	0.0011127520235709	0.550513105146495	0.005684976362477	0.0081917149098272	0.693990992735475	1.0	1.0	34.4051769561658	8.770278832158411e-105
KDM5B	False	False	True	0.41716168081009963	-0.8810865792179167	4	-0.428561805309032	3.40144853077765e-06	False	0.0005023608265197	0.0020959478341872	0.0016434759390573	0.0019549256206268	0.840684638697619	0.0136417503444364	0.0143560650647645	0.950243000633834	0.847	0.909	12.6104760676881	1.0775260838009899e-49
SRF	False	False	True	0.913127746265192	0.374747035916466	4	-0.846050153224634	1.6988848194520402e-17	False	0.0008168193738117	0.0048905449464368	0.0009017953018559	0.0017872841623483	0.504561793168402	0.0126091269261768	0.0132285718705092	0.953173709876169	1.0	0.807	1.75267052941703	1.09937396496582e-05
DDX5	False	False	True	0.9282917365617495	-0.26028689663184956	3	0.833832480175825	7.6862906924416205e-53	False	0.0021139374350604	0.0130414531904984	6.86047813091984e-05	0.000398860238328	0.17200205665215	0.0040527920616289	0.0103159268433219	0.392867468253964	1.0	1.0	5.10101640142007	1.3889077837182101e-25
NFIX	False	False	True	0.2818622075843609	0.8554080496561837	6	4.61960348876337	0.0	False	0.0007264329310409	0.0025617140195621	0.003023878357721	0.0033947121742154	0.890761337791459	0.0157652827719949	0.0146945283503722	1.07286755968562	0.856	0.053	2.39529958608701	5.0815513528933896e-12
FOXM1	False	False	True	-0.9739636390169444	0.22936477116356815	3	-1.02887591325383	2.75716479948263e-37	False	2.84764755804096e-05	0.0025617140195621	6.81411264825643e-05	0.0004411597657438	0.154459068513807	0.0049484610297579	0.0093466906134139	0.529434559720651	1.0	1.0	8.72338619534505	6.0172975754082e-62
MFAP1	False	False	True	-0.9645572760624271	0.2834296306922749	2	0.294241928257838	0.011586414582493	False	0.000478248795701	0.0048905449464368	2.97197692190535e-05	0.0001021214197028	0.291023854794862	0.0030555876024601	0.0062120698017716	0.491879148168737	1.0	1.0	6.89590295029279	3.39120324930388e-25
STAT3	False	False	True	0.8533597618478785	0.22559601513160438	9	-0.13163942522722	0.0914843663541713	False	0.0059382301953659	0.0214252445272473	0.006123984310636	0.00851880425963	0.718878392318176	0.04498238888416	0.0344106957935591	1.30722113711457	1.0	0.0	2.06921960729891	0.0001674951148189
CDK4	False	False	True	0.7345766402296906	-0.618970525489785	2	-0.0100528045118121	0.907098007401767	False	0.0029338612545201	0.0130414531904984	0.0012401128559111	0.0016320195826542	0.759863955734102	0.0081556657126939	0.0093662564722822	0.870749774664952	0.934	0.999	7.71095446470358	1.14318590102815e-52
NFKB1	False	False	True	-0.21075670641930827	-0.9398676787048532	10	-1.14746090520674	3.71257051919243e-33	False	0.0030670067785272	0.0167675826734979	0.0018299943457601	0.0025659994757259	0.713170194722058	0.0228374372697514	0.021742236637746	1.05037203164757	0.998	0.107	1.12587476855069	0.3475939293119
PSMA3	False	False	True	0.19786617009992688	0.9581162201557666	4	-0.874307867845267	6.4547294903690594e-18	False	0.0035466696002153	0.0135072193758733	0.0048972238744231	0.0052671447679663	0.929768231206975	0.0110585031712301	0.011983777826779	0.922789401729291	0.786	0.983	40.3992253383358	1.57033005771672e-69
TRIM23	False	False	True	-0.7638882274473158	0.7244636899114029	2	1.01239259228194	2.23993134112705e-10	False	0.0021455059844405	0.0128085700978109	0.0002473405493363	0.0020230246170775	0.122262748188218	0.0061173466200448	0.0100264832942446	0.610118866258553	0.998	1.0	2.66609431320268	1.597704379962e-06
BCL6	False	False	True	0.6991354414954326	0.5870855274947727	3	1.64820319699614	4.6414457274630494e-36	False	0.0040274348137957	0.0135072193758733	0.0004343326154066	0.0008347860415475	0.52029213929053	0.0097358652002007	0.0116378226597542	0.836571022333004	1.0	1.0	4.89735101388716	4.30387305803595e-34
BIRC2	False	False	True	0.5120367733957686	-0.8808107746842749	2	-1.08822133539866	1.51513545167765e-25	False	0.0007465215778096	0.0095482068001863	5.74318012492544e-05	0.0002024406638684	0.283696961627176	0.0058546012433358	0.0088647377828014	0.660437046958621	1.0	1.0	6.11008963020067	1.48822391581449e-44
MDM2	False	False	True	0.44065406178366656	-0.4738190078130338	18	-0.217018650949934	0.0039017356820614	False	0.0173119577858483	0.0430833721471821	0.0081440370897698	0.0073858122753099	1.10265963799196	0.0581115072073277	0.0424460487245025	1.36906753286984	0.083	0.0	inf	2.86814470812599e-08
SMURF2	False	False	True	-0.9263957550313986	-0.11875011357791282	4	-0.44593958052429	0.0037395655463114	False	0.0008873624295311	0.0086166744294364	3.3180197317896e-05	0.0001400299161786	0.236950776115304	0.0058902586122392	0.0089433659243441	0.658617645981111	1.0	1.0	10.8212876960613	4.10343209518661e-68
EP300	False	False	True	-0.04718768817380818	0.017398115117812616	53	-0.535208213230849	1.82065626800474e-10	False	0.0190185693756178	0.0461108523521192	0.112052889276284	0.101110450986552	1.10822262370472	0.20497449415353	0.149052677596658	1.37518156304577	0.0	0.0	inf	1.0
CDKN2A	False	False	True	-0.9504533073432142	0.3269727756992735	2	-2.85543057976442	1.64551894364618e-155	False	0.0020022850899635	0.0125756870051234	4.32127396286964e-05	0.0002141759432056	0.201762807633352	0.005801216484694	0.0091311127230079	0.635324156066603	1.0	1.0	9.6178766516307	6.18912086389117e-63
DYNLL2	False	False	True	-0.9311010739283146	-0.2597360771984287	2	1.44091740006823	4.11333321568606e-113	False	0.0003614021654833	0.0044247787610619	0.0001755657507819	0.0010062800759933	0.174470065511929	0.0029315816093627	0.0064160846178273	0.456911307126036	1.0	1.0	6.34142598145295	2.65305345805087e-24
HDAC1	False	False	True	-0.06869683746463091	-0.053706110597831654	35	1.02236849067477	1.10322455714058e-41	False	0.0256934636358854	0.0540288775034932	0.0419789342474552	0.040239817506036	1.04321880289736	0.114380909802178	0.0853478143698033	1.34017385971453	0.061	0.0	inf	0.0041849325700416
MAPK14	False	False	True	0.2377101498039196	0.36973391076126244	8	-0.881950089831384	1.8517874165084702e-15	False	0.0045581292260622	0.0170004657661854	0.0029272560829754	0.0028189751524578	1.03841145262428	0.0261985514374362	0.0206568287297654	1.26827557996284	0.271	0.0	7.61200308801152	3.8703477204896296e-26
RARA	False	False	True	0.09781322002063306	0.18232961137130574	10	-0.134025346348399	0.470907401425808	False	0.0026740765613072	0.0142058686539357	0.0060263427866099	0.0065270130874582	0.923292585116715	0.0419412929267252	0.0325021172669579	1.29041725442802	0.851	0.0	25.9658839160155	2.3332564727867102e-17
APP	False	False	True	0.31476983809187997	0.4120444701146351	12	-1.04508529532299	3.44863339135956e-95	False	0.0547141813937033	0.0689333954354914	0.022928258162889	0.0216972431923185	1.05673600833337	0.0378797229480543	0.0306082910789776	1.23756412438429	0.083	0.0	52.3337780672183	7.10113062367604e-19
ATXN1	False	False	True	-0.21671074164535958	-0.29698384420835466	7	0.113497046646652	0.421519597223793	False	0.013661934576142	0.0286446204005589	0.0067326876888493	0.0074520995073382	0.903461860945308	0.0257087914679704	0.0204073214872907	1.25978274434405	0.858	0.0	4.2676232387336	2.56557784349526e-17
CBX5	False	False	True	-0.5946255292834831	0.263806697650914	4	-0.289029419421958	3.55198843084902e-05	False	0.0096778623564986	0.0195621797857476	0.0208843576855324	0.0175836503878632	1.18771456579616	0.0155969769659253	0.0151339814159689	1.03059310945551	0.0	0.175	20.8227949084722	2.09767836882767e-50
NACC1	False	False	True	0.19521086736423846	0.9704756424034748	4	0.570315616936959	6.3831809188314504e-15	False	9.20652125306307e-05	0.0025617140195621	0.0008771726425515	0.0014450407241208	0.607022783447999	0.0104168596231741	0.0107031747781385	0.973249511392712	1.0	0.744	7.12477488564647	4.51977060036649e-45
CEBPD	False	False	True	0.960096590554642	0.1057428275148544	2	-1.31700649745662	1.2755748215574602e-15	False	7.00353880812638e-05	0.0025617140195621	2.06650993167177e-05	9.61341042793405e-05	0.214961167752396	0.0049825934754383	0.0079620331996174	0.625794109433979	1.0	1.0	4.9642683941055	6.25076233558848e-33
SNRPB2	False	False	True	-0.060179376822695085	-0.9730374064734115	2	-0.622988581869147	1.88261427742177e-06	False	0.0001994305795241	0.0032603632976245	2.97197692190535e-05	0.0001021214197028	0.291023854794862	0.0030555876024601	0.0062120698017716	0.491879148168737	1.0	1.0	6.89590295029279	3.39120324930388e-25
EED	False	False	True	-0.8502297836116895	0.5214048640856306	3	-0.659156004503179	0.0003311424878824	False	0.0143823329709244	0.0468095016301816	0.0004471212296623	0.0008891196579951	0.502880827841059	0.0118126550655208	0.0129078583106261	0.915152210479127	1.0	0.977	12.2915836731168	1.15528201178633e-52
SCAND1	False	False	True	-0.7283874031814274	0.7447354830813365	3	2.33321446566681	6.9549944541029094e-96	False	0.0005136735063245	0.0016301816488123	0.0049213245172412	0.0083909327396062	0.586505060875053	0.0068558774956439	0.0094607518385692	0.724665186512362	1.0	1.0	2.6714129601771	3.96706842367907e-11
ARL6IP4	False	False	True	0.11242883214628716	-0.9790557554870256	2	0.431953582950106	1.45099331603343e-07	False	8.03464279257296e-05	0.0025617140195621	0.0002156721810631	0.0008558554453579	0.251996037687157	0.0044330850143953	0.0077283546218079	0.573613043310148	0.999	1.0	4.52483766996297	4.02368934872295e-18
PRKAA2	False	False	True	-0.9144459875269438	0.19794003541293226	4	0.802705270898406	0.000509391035475	False	0.0014004189075656	0.0088495575221238	0.0007711272369779	0.0009471557733107	0.814150384453125	0.0162692140907878	0.015294010682267	1.06376374574208	0.913	0.026	15.8835855557785	7.13801157488232e-42
TBP	False	False	True	-0.0017145348866273525	0.5324885931849082	8	-0.23520031468886	0.178977801209759	False	0.0039398993446175	0.0139729855612483	0.0064544714042405	0.0059873343776897	1.07802086823336	0.0387705619296368	0.0290923224081482	1.33267332135636	0.141	0.0	inf	8.34388843880037e-16
ATF7IP	False	False	True	0.8800486947408385	-0.2272527196223016	3	-0.473079062924079	0.0009511121629902	False	0.0013825822821541	0.0055891942244993	9.11332908038594e-05	0.0003182723705256	0.286337424305302	0.0084173399683174	0.0113849471067156	0.739339400474887	1.0	1.0	19.9395828920549	2.80047276841153e-70
ZMAT2	False	False	True	0.41943049187782117	0.79766379830585	2	-0.200266383764511	0.0682992425799014	False	3.64219485908414e-05	0.0018630647414997	2.97197692190535e-05	0.0001021214197028	0.291023854794862	0.0030555876024601	0.0062120698017716	0.491879148168737	1.0	1.0	6.89590295029279	3.39120324930388e-25
VHL	False	False	True	-0.040177847036791024	-0.38783977296459726	6	0.559225892021416	2.5422836782774497e-11	False	0.003850917011472	0.0183977643223102	0.0004041655878367	0.0005732686921309	0.705019467109471	0.0151792203120154	0.0141928701776969	1.06949617110347	1.0	0.039	109.772343645132	1.29064154755143e-63
COMMD8	False	False	True	0.7571309820094525	0.6992131114024103	5	-0.567311936265888	0.0017188599651116	False	4.58584470979359e-05	0.0027945971122496	0.0004037713100756	0.0007514766106293	0.537303895243724	0.0158106025015965	0.016404953858498	0.963770007399705	1.0	0.862	6.78288088569867	1.71981099653529e-32
DVL2	False	False	True	-0.8200992198792453	-0.5579396640585289	5	-0.137982512557824	0.16583515596419	False	0.0022483335582508	0.0130414531904984	0.0013312300852831	0.002558659660191	0.520284157363773	0.0078831507897777	0.0100204994363168	0.786702383436825	0.996	0.997	2.82440999518508	2.1800299371778097e-11
JUN	False	False	True	0.0014115213518160216	0.21674462960912272	18	1.11265479843166	9.128250855418809e-40	False	0.0145427969332236	0.0353982300884956	0.0301416683994881	0.0277453293001983	1.0863690992225	0.0830545519211708	0.0610989774239029	1.35934438550323	0.013	0.0	3.00003612471498	0.0002602539160829
HTT	False	False	True	-0.44435971056544776	-0.9181518909848795	2	-0.326568382308218	0.0001934710162675	False	0.0037030844062829	0.0137401024685608	0.0005437156958136	0.0027023283337621	0.201202677343323	0.0037588179417543	0.008599562361772	0.437094096609335	1.0	1.0	6.21822939834209	1.57835842258649e-31
HCFC1	False	False	True	-0.5440787975580879	-0.4055260483414463	13	0.644462267402827	3.83480039559566e-19	False	0.0017508014722998	0.0104797391709362	0.0066860665524708	0.0072577410183248	0.921232451749021	0.039450736409801	0.0312098098159159	1.26404924100763	0.896	0.0	inf	2.2134694077454702e-14
CDK6	False	False	True	-0.9906339695139563	0.04563528246453739	8	-5.97121040813678	1.28274016462256e-101	False	0.0053256307103772	0.0156031672100605	0.0088114997072977	0.0072782736867962	1.21065792335935	0.0251498228031209	0.0203896917930227	1.23345772257956	0.002	0.0	7.71076824225974	5.04507710620684e-23
BAZ1A	False	False	True	0.7712128201876556	-0.645043811018662	3	-0.764170512473062	4.1403241597237203e-14	False	7.49075798326543e-05	0.0023288309268747	0.0002515461977612	0.0006634822196235	0.379130277076528	0.0074277894090607	0.0093298778808894	0.796129328152866	1.0	1.0	6.37406212154711	2.49222145199176e-46
IKBKB	False	False	True	-0.2865221346516173	0.9293696136905037	3	0.0062955274502101	0.966402973513719	False	0.0023072437429525	0.0142058686539357	0.0009572792167998	0.0012420606710346	0.770718564015356	0.0171025164855941	0.0153273342881088	1.11581806491051	0.998	0.0	10.5766169772764	1.7176614836851698e-40
MAPK8	False	False	True	0.6453035776519438	-0.7939092041109246	15	-0.407061251056666	0.0006688536814034	False	0.0047464632731278	0.0172333488588728	0.0124921800691565	0.0106966423930796	1.16785993306073	0.0377378225124834	0.0288792300939843	1.30674614211216	0.001	0.0	inf	1.29011563725005e-18
U2AF2	False	False	True	0.8092835222216704	-0.42537266965899034	4	0.479080387662044	2.53084350929355e-14	False	0.0018488426091617	0.0144387517466232	0.0004048802836377	0.0014186994002756	0.285388351865826	0.0053096841634138	0.0087246584901573	0.608583610396198	0.999	1.0	4.84237736909385	2.21749187574961e-25
SMARCA4	False	False	True	-0.11041239161569164	-0.1376298570781941	10	0.953516892892636	1.5462263306799199e-40	False	0.0040983772497509	0.0167675826734979	0.0076444518414538	0.0069588684835249	1.09851937273308	0.0545035525532588	0.0380640751998331	1.43188957743279	0.048	0.0	inf	1.27028785770539e-08
BCOR	False	False	True	-0.977409360348448	-0.010129840572847121	3	1.0966384557434	1.3129230715684799e-27	False	0.0006125205924623	0.0048905449464368	0.0005602826383248	0.0008176591902949	0.685227592345368	0.0160141653386732	0.0150065375496785	1.06714592127991	1.0	0.015	160.832086083509	1.87754746527154e-51
WDR5	False	False	True	0.8640679951945373	-0.346827234060464	4	-0.591551586341411	1.0870933903355001e-10	False	0.0068327125052993	0.0176991150442478	0.0049202962923287	0.0041941066535012	1.17314524851706	0.0134144566483237	0.0129226028181606	1.03806151416121	0.048	0.16	7.71506300389786	3.44009076086093e-39
CITED2	False	False	True	-0.6060727360921981	0.8308506030199401	3	2.21889284522846	1.15034078213765e-86	False	2.74916268984767e-06	0.0009315323707498	0.000270800670049	0.0003827835271495	0.70745121156499	0.0155399244656879	0.0164694859714636	0.943558559909743	0.998	0.946	16.9937688273824	1.24435564746271e-52
PHF8	False	False	True	-0.8192092294215875	-0.48645130523914437	4	0.792682781621313	8.58599892403435e-13	False	0.0011244478263933	0.0062878435025617	0.0007604393172138	0.0013693128168985	0.555343751865397	0.0108076464259045	0.0116911401624673	0.9244304897311	0.999	0.967	3.10230377189295	7.26192606750588e-19
FOXJ2	False	False	True	0.7112645243176408	0.5601646030340186	9	-1.30166923603124	4.569689339170391e-31	False	0.0024593431505726	0.0121099208197485	0.0095324415085733	0.0090178509667044	1.05706354471469	0.031457686322735	0.0261603539918696	1.20249467314211	0.186	0.0	61.6673286513915	5.06374849752729e-22
ACTR5	False	False	True	0.9421965875424656	0.07437496156490322	5	-0.533716191436469	0.0145199862175915	False	0.0004003551988183	0.0058220773171867	0.0008114647478309	0.0012864361229578	0.630785107281687	0.0161505041982161	0.015821622289499	1.02078686386891	1.0	0.227	186.169293808288	1.15862903499118e-57
MAX	False	False	True	0.8679203651916333	-0.21076694528106535	10	0.371354138784978	0.0003333213229736	False	0.0029723511555647	0.0142058686539357	0.0055714849578651	0.0062047265763787	0.897942059054739	0.0289292272860539	0.0258738638645221	1.11808686315774	0.89	0.0	2.13415007823841	4.55051841520494e-07
RUNX1T1	False	False	True	-0.3570323218405418	0.9446201604695158	2	3.91504047408719	0.246041014535017	False	0.0005769997898167	0.0048905449464368	0.0013513782437059	0.0020382493649319	0.663009279902808	0.0160452965108614	0.0154919637655652	1.03571740507979	1.0	0.114	152.668954795499	2.99110675126476e-49
NUP62	False	False	True	0.0408362233512545	-0.94495992577068	4	0.0660763746604051	0.510753851176048	False	0.0008098194166408	0.007452258965999	0.0042726443026043	0.0057900809116508	0.737924800671939	0.0116504797057551	0.0133209167870382	0.874600441697187	1.0	1.0	21.383292802858	3.7212181353247395e-55
PPIG	False	False	True	0.8262042179258267	0.3392623252862875	3	-0.814061469422672	2.8577786201567197e-18	False	0.0001109871571572	0.0025617140195621	0.0008661076284437	0.0024637292212984	0.351543351824712	0.007650005776406	0.0113712207959427	0.672751493765349	1.0	1.0	10.4374094776625	1.98807708400649e-62
RBL2	False	False	True	-0.30258612336673213	-0.9111059157609006	4	1.23042646623446	2.38219711939359e-48	False	0.0003423808993116	0.0060549604098742	6.90016518789535e-05	0.000251667318748	0.274178038778397	0.0067266844136207	0.0105686953790887	0.636472542006485	1.0	1.0	5.75521027712187	3.40171914972923e-42
AR	False	False	True	-0.6030530691712657	0.12545374933827744	13	0.367597826345658	8.286257086481861e-10	False	0.0108176748248939	0.032137866790871	0.0104368620698362	0.0109560627747074	0.952610648957779	0.0419841909381299	0.0331898634514271	1.2649702822542	0.767	0.0	3.40511080405624	7.60353985479588e-07
FOS	False	False	True	-0.9211635874919595	-0.3655295544455687	9	0.498702747190724	0.0001190838470953	False	0.0043520834177215	0.0165346995808104	0.0095633494991627	0.0074601139825156	1.28193074818649	0.0363493296345125	0.0272034466651924	1.33620309521376	0.0	0.0	5.10687209532355	5.16634266633695e-15
FHL2	False	False	True	-0.1182290957882203	0.008915056045334359	8	-7.33115461746416	3.46004706639343e-89	False	0.0023437410802474	0.0111783884489986	0.0110917999004111	0.0114241667887665	0.970906684531052	0.0299189750579434	0.0238506700866875	1.25442911872916	0.684	0.0	33.0207206769332	4.806536987026459e-22
RB1	False	False	True	0.10050869672559627	-0.5005338289262725	21	-1.5013365127823	7.728855634830599e-57	False	0.0106136889179788	0.0274802049371216	0.0061809524294811	0.0058283904105674	1.06049046032923	0.0462205636802594	0.0362948855594662	1.27347318961871	0.123	0.0	inf	4.19726883893962e-17
KDM1A	False	False	True	0.3118164569244308	-0.5205132618969147	8	-0.670934478872568	5.0145131760153505e-15	False	0.0031411132528589	0.0135072193758733	0.003906693504643	0.0033342343970305	1.17169132083886	0.0313390444433695	0.0237372002772947	1.32025024338469	0.017	0.0	1.75248963621531	5.35484797920109e-05
TFDP2	False	False	True	-0.5712421873837665	0.8636083499986122	5	-0.39383482011672	0.0003580374688402	False	2.50669876242294e-05	0.0018630647414997	7.21250862695678e-05	0.0002138620984272	0.337250437548144	0.0083990643930107	0.0123128551177222	0.682137839900489	1.0	1.0	6.81388908134738	8.60271798081829e-48
RELA	False	False	True	0.11532570882526835	-0.006052079488242632	23	-0.0830794465946176	0.417800025186821	False	0.0102379867931905	0.0319049836981835	0.0224618410044866	0.0213169273621739	1.05370913091088	0.0927462682907828	0.0711881204714007	1.30283350194704	0.092	0.0	0.973365068324987	0.842747014917401
HSP90AA1	False	False	True	-0.3448688953024371	0.7605682255580459	6	1.28375429954906	6.27318172682767e-147	False	0.0104399882224197	0.0298090358639963	0.0010860568540372	0.0015151908307633	0.716778924467299	0.0197246716718865	0.0178176970417076	1.10702699825432	1.0	0.001	inf	6.01656489664691e-43
CDK2	False	False	True	0.7142776346427794	-0.4361400207610525	12	-0.944298720019982	3.50601414787796e-16	False	0.0102643971507587	0.0328365160689334	0.0029350712296311	0.0030932498113066	0.948863301923658	0.0213444862635341	0.0204969633651103	1.04134870533391	0.781	0.087	10.5529095695953	5.23216170762552e-31
SIN3A	False	False	True	0.7485844356853218	0.40163076754467525	10	-0.0161271627103405	0.88225146523664	False	0.0016684279251222	0.0139729855612483	0.0129626839532194	0.0116545533800817	1.11224201653007	0.025527538272865	0.0205833078881758	1.24020582170514	0.057	0.0	6.61439078628205	2.1779739207205998e-29
KPNA2	False	False	True	0.9704480630865001	0.2146656059978739	4	-0.082328974307179	0.377928835117374	False	0.0025689424836656	0.0090824406148113	0.0011056284578891	0.0016515630777148	0.66944367599868	0.0098218206298307	0.0106825904838602	0.919423116019478	0.999	0.973	5.23407179919476	8.4784750086137e-37
SET	False	False	True	0.8766208975492468	0.5497570225031272	5	-0.0226952680189209	0.707991021689757	False	0.0015741643008434	0.0081509082440614	0.0005450716586622	0.0007645161014278	0.712962954794827	0.0145585996262152	0.0134764007521871	1.08030325707347	1.0	0.011	22.4256655388833	1.52224843710908e-57
SF3B1	False	False	True	-0.3033656078528839	-0.5205166135506835	3	-0.591193823972125	2.86190760329313e-18	False	0.0013600569214071	0.0102468560782487	0.0001595227532416	0.0003340207379265	0.4775833806964	0.0048435205058074	0.0073696290971818	0.657227174113771	1.0	1.0	4.79169290442326	1.8106087624484099e-28
SREBF2	False	False	True	0.1825859600497668	0.8196075250697554	7	0.562968751522566	1.60496993764377e-18	False	0.0003728754817867	0.0058220773171867	0.0005260864094474	0.0008878216992743	0.59255862959586	0.0161145228335176	0.0174806041479647	0.921851596038445	1.0	0.975	29.4864669301491	1.79176909603595e-53
COMMD1	False	False	True	0.92966245500676	0.2632080766127144	6	-0.492795601206552	0.0123793458030316	False	0.0006230413403729	0.0062878435025617	0.0010525079106414	0.0015140916803031	0.695141466222623	0.0207718889884284	0.0204072734706594	1.01786693936813	1.0	0.308	7.85070335756003	4.293479701485e-34
CHD3	False	False	True	0.4901872357100046	0.7317878937968281	4	2.22701118201265	5.79937590933669e-280	False	0.0017524313674578	0.0132743362831858	0.0017961614246114	0.0018826878241613	0.954041026643124	0.0132644652101233	0.0128750328349276	1.03024709763374	0.502	0.23	3.89609694095693	4.82955010557529e-24
TP53	False	False	True	0.4867692071642916	0.22339046207082258	24	0.19430270080352	0.0080827699159202	False	0.0518613122956436	0.0794131346064276	0.0360149235552668	0.0413890467718904	0.870155907522047	0.10009034592824	0.0831409954911041	1.2038627314602	1.0	0.0	1.35289323152515	0.175278554541513
COMMD4	False	False	True	-0.13986277396980473	0.9836029425190297	5	-0.82323307257781	1.80868684051972e-10	False	6.75245101886705e-05	0.0027945971122496	0.0004037713100756	0.0007514766106293	0.537303895243724	0.0158106025015965	0.016404953858498	0.963770007399705	1.0	0.862	6.78288088569867	1.71981099653529e-32
RYBP	False	False	True	-0.16945958532422367	0.4625750303912561	6	-0.651380318582725	1.0365187619093e-10	False	0.0014193751151679	0.0076851420586865	0.0006784059933764	0.0010703782272613	0.633800254992363	0.0114018489860739	0.0128413307519353	0.887902446119581	1.0	0.997	7.64394468635132	2.39668487804149e-41
CEBPA	False	False	True	-0.47546421010263124	-0.804161257042578	3	1.40831619900991	1.6381761926368402e-19	False	0.0004042997443073	0.0065207265952491	0.0004926179495792	0.0008830685581684	0.557847910020641	0.0139069484398736	0.0140788999037963	0.987786583817082	1.0	0.635	22.1013570402805	7.55597987248397e-60
SIAH1	False	False	True	-0.08036802904931957	0.972199492195058	6	0.82591017441105	1.10735733410658e-12	False	0.004642275727729	0.0170004657661854	0.0012304135297363	0.0014356528293418	0.857041134589901	0.0155108079678617	0.0147067210117927	1.05467479497464	0.96	0.029	50.474919028386	2.04225976213281e-56
MEF2C	False	False	True	-0.9885434607072081	0.17800912140279776	4	1.46699496505546	0.582772779974055	False	0.0002094541479247	0.003493246390312	0.0010488225018675	0.0019835359100462	0.528764060461668	0.0099829124823673	0.0124931625176268	0.799070088801159	1.0	1.0	17.3838165629931	1.14775562683309e-62
CRK	False	False	True	-0.7445403184553935	-0.6576019604189007	3	-0.721180287495606	2.4939474521606003e-18	False	0.0043677263594375	0.0179319981369353	0.0007123074756383	0.001353922338648	0.526106598070904	0.0075960976867923	0.00990565245357	0.76684476084709	1.0	1.0	37.9759675519687	1.5100681811729602e-91
KEAP1	False	False	True	-0.6572870721209516	-0.7083291246764306	4	1.73559209730498	2.02251945548657e-68	False	0.0032043502402288	0.0107126222636237	0.0008864168012753	0.0012770068578858	0.694136288933409	0.0185718296229546	0.01587653780768	1.16976571642533	0.999	0.0	8.06481825393944	2.3458420449528498e-33
PRKCD	False	False	True	0.20257412149893453	-0.9342896246227923	3	1.29777510701512	1.49113452322771e-38	False	0.0007301649070082	0.0069864927806241	0.0002568600314428	0.0004364794136717	0.58848143439826	0.0143723187312973	0.0146957169498625	0.97799370934616	1.0	0.735	185.789241037476	1.1952173112135599e-57
NFATC1	False	False	True	-0.8526020792373483	-0.06891961493425447	9	1.1226631415725	0.0001029422365094	False	0.0014367129397617	0.0090824406148113	0.0038304105818333	0.003619723675036	1.05820524595574	0.0221786224400127	0.0186819474064267	1.18716865846561	0.262	0.0	inf	1.60436780285139e-44
SMURF1	False	False	True	-0.7401789427006348	0.7161526114570542	5	-1.20162101250496	1.77388984049425e-23	False	0.0011317864425118	0.0083837913367489	0.0001964941950041	0.000381557437028	0.514979334526114	0.010044624382089	0.0109458094052614	0.917668489391082	1.0	0.967	7.95379960121237	4.799350258991619e-50
RPS7	False	False	True	-0.39357026255131144	-0.7803135467870735	2	0.253348536746869	5.27460136330674e-05	False	8.70168581112031e-05	0.0023288309268747	0.0004948802591354	0.0012685545051099	0.390113516716854	0.0049649612192119	0.0075516054900045	0.657470947838	1.0	1.0	12.7748403454033	2.47754680900126e-81
SMAD3	False	False	True	0.20995580453368753	-0.1685270544023758	22	-2.16165222493266	8.320005204690681e-58	False	0.0142633521925969	0.0353982300884956	0.0299077716167636	0.0258272849768476	1.15799131203972	0.0764384058631218	0.0561608287190115	1.36106264110818	0.027	0.0	9.35377658306254	9.41857616578111e-06
XRCC5	False	False	True	-0.7342609652279453	0.10662732551443947	7	-0.587683672256141	2.4750111362037102e-20	False	0.0026513990860208	0.0130414531904984	0.013239596433041	0.0107425232302242	1.23244754973313	0.0305279436120727	0.0244077375330813	1.2507486025977	0.0	0.0	9.14992469938346	5.75876241251689e-20
CEP70	False	False	True	0.6794597585627787	-0.5684536407742402	2	0.614314072475347	9.86703341246317e-05	False	0.0039731195993888	0.0156031672100605	0.0027779378780918	0.0050434920976502	0.550796516442659	0.0047759727144244	0.008512342949228	0.561064414687091	1.0	1.0	8.97763043788075	1.8522989562066e-62
MAD2L2	False	False	True	-0.8090829618915896	-0.6354891441267413	3	-1.11123311247152	1.209125695784e-18	False	0.0005396759592809	0.0051234280391243	0.0002052862085528	0.0004310587455179	0.476237196640458	0.0085084346290237	0.0102977744929172	0.826240139058767	1.0	1.0	3.80332035648508	1.67041554989702e-25
FXR2	False	False	True	-0.5190578605522794	0.7971318519599792	2	0.937110225484709	1.44278729573999e-27	False	0.0025332111258184	0.0111783884489986	9.06979331681306e-05	0.0003011721096489	0.30114984177606	0.0039402478380923	0.0076251492113861	0.516743702825987	0.908	0.915	3.80082272690679	0.0009343932670089
NCOA3	False	False	True	-0.5702144573881078	-0.8048832793471655	9	-2.83250541170643	8.540074131942991e-205	False	0.0007449857406396	0.0102468560782487	0.001928264422953	0.0018686487137331	1.03190311200909	0.0272260169082361	0.0212151159237814	1.28333104594148	0.33	0.0	2.45135046057794	5.647072613066e-10
CDC5L	False	False	True	-0.366709391137803	-0.9197442941903209	2	-0.792524005374625	1.00993791571077e-14	False	0.029489179070012	0.0687005123428039	0.0002143482384142	0.0006549268164569	0.327285786790365	0.0050341215275488	0.0081999745590102	0.613919164178054	1.0	1.0	4.0707609760814	8.01056764867142e-21
YY1	False	False	True	-0.14524413185024454	-0.9255805139025336	6	-0.538679781895407	1.62040735838636e-12	False	0.0038875893366945	0.0146716348393107	0.0013691644184497	0.0020084629461008	0.68169762409994	0.0202199298543267	0.0205766601294777	0.98266335387248	1.0	0.662	8.79000094221545	1.0560246869421699e-36
PIN1	False	False	True	0.8310011335699724	-0.5872234918239092	8	1.35168601477092	1.5096214004575798e-40	False	0.0056796859858937	0.0174662319515603	0.0051853532981954	0.0049915286568574	1.03883071793484	0.0285520805036336	0.0212695146708976	1.34239454662783	0.262	0.0	6.92872613332254	2.58001727202587e-22
HDAC3	False	False	True	0.03616279727427757	-0.4195371822885899	14	-0.589406036685141	5.91608027619659e-08	False	0.0027901513685901	0.0179319981369353	0.0127614571467335	0.0115294919642692	1.10685337968769	0.0564449496442816	0.0407067201785491	1.38662484711863	0.009	0.0	inf	2.3994257447068e-11
GSK3B	False	False	True	0.408971940378314	-0.9102844543374761	12	0.0399317826177692	0.626089063761022	False	0.0052931514382885	0.0160689333954355	0.0177903196627716	0.0128903479942155	1.38012718281577	0.0408713668391202	0.0288793611641044	1.4152448389309	0.0	0.0	68.8946316824707	1.28533457305485e-24
RXRA	False	False	True	-0.2524521814541923	0.9406830598483603	10	0.587366263887377	5.61543033730386e-08	False	0.0011398358026442	0.0111783884489986	0.0030159843749859	0.0026780446679815	1.12618897326276	0.0384228966626581	0.0283401599569706	1.35577557504955	0.024	0.0	inf	2.1987572855983303e-20
CCNA2	False	False	True	0.8785433555114421	0.3154507829388566	4	-1.15492691489002	1.1760515006511401e-23	False	0.0011657736519657	0.0109455053563111	4.1291261574704e-05	0.0001716573850522	0.240544626507809	0.0060625000444756	0.0104150893162116	0.582088147342057	1.0	1.0	9.65869859328276	2.13887069165484e-66
NFIC	False	False	True	0.6776248574230987	0.7583959919365297	4	1.96587754562413	4.1547395769726297e-128	False	5.09172552185758e-05	0.0013972985561248	0.0011812674243468	0.0016583866409165	0.712299167879203	0.0121923715221387	0.0125465879067618	0.971767911144015	0.998	0.704	2.93607382962967	2.1199576334967102e-17
XRCC6	False	False	True	-0.888968273059237	-0.2980771707564037	8	0.614031748937833	5.61905907453157e-25	False	0.0044899644437567	0.0170004657661854	0.0088589070399115	0.0072118983039452	1.22837381595707	0.0302108639481069	0.0243044421165892	1.2430182023181	0.008	0.0	7.05577695599709	3.2307765241288196e-18
COMMD6	False	False	True	-0.600853022757467	-0.7889746349653526	3	0.0739406438214076	0.638029340552308	False	2.35263265151019e-05	0.0023288309268747	0.0003339002129092	0.0006867464874956	0.4862059274987	0.0144933371370242	0.0158507539274432	0.914362635579826	1.0	0.992	7.11459156588662	4.14740234309286e-35
EPAS1	False	False	True	-0.7922489369415013	-0.5860209218105803	3	-7.27768148408164	2.43416737279756e-281	False	0.0003926806833764	0.0048905449464368	0.0005050584503648	0.0011382334154642	0.443721334748256	0.0109374862968158	0.0134668875574533	0.812176254546835	1.0	1.0	16.3868532591432	3.41046984381555e-63
EIF1AD	False	False	True	-0.7355694085066001	-0.715606749105915	2	-0.719039733344484	6.50502616149535e-07	False	1.4037732889064e-05	0.0011644154634373	0.0004419973860895	0.0013141395394546	0.336339766683369	0.0077553607542711	0.0090069595924493	0.86104091782232	1.0	0.997	8.90344718263186	3.76281494899061e-60
GLRX3	False	False	True	-0.9078511358361344	-0.1380837136934601	3	-1.1121291070967	4.6153564857813995e-34	False	0.0009872506390358	0.0044247787610619	0.0005965510640343	0.0008095893257532	0.736856385154698	0.0133852599437841	0.0130344264338735	1.02691591468873	0.999	0.191	35.2304799635446	5.689518898245099e-56
SKP2	False	False	True	-0.08251754146271702	-0.9454426536986558	6	-1.30708053567433	9.12532577707164e-25	False	0.0008213737976157	0.0097810898928737	0.0013605157199275	0.0015342500288072	0.8867627142789	0.0197829168531358	0.0167344632392375	1.18216620218511	0.929	0.0	3.22758593579006	1.16262680853037e-16
NFATC2	False	False	True	0.7867951408481026	0.5382588704465475	4	-2.18442130434378	1.46114168314636e-05	False	0.0003018886092561	0.003493246390312	0.0004746479326742	0.0005972857861503	0.794674749810209	0.0151115588018059	0.0143719097408232	1.05146491136677	0.997	0.055	83.2271729667738	7.93215663993422e-51
SMAD2	False	False	True	0.3582172169936153	0.6909201808200519	14	-0.932841653397162	4.70036155291304e-27	False	0.0076145218355368	0.024219841639497	0.0124953250004701	0.0096932409209226	1.28907607913667	0.0495317052681761	0.0356460821879086	1.3895413528777	0.0	0.0	inf	6.10948288159955e-12
PSME3	False	False	True	0.9374821274907943	-0.12718092249062035	3	0.242192810212101	0.0008571790050103	False	0.0014345163411961	0.0086166744294364	0.0002188471911314	0.0006949288757255	0.314920272816293	0.0058247858967675	0.0082554312566418	0.705570153234718	1.0	1.0	15.7770587801656	5.8392443482975e-89
SMAD4	False	False	True	0.11885548982632035	0.257171076339899	22	-0.344289037378692	0.0008306036986998	False	0.0044899890766657	0.0183977643223102	0.0122781055182765	0.0105188885871066	1.16724361291612	0.0631648761603762	0.0452303846041725	1.39651423955721	0.007	0.0	inf	3.3186452274022103e-09
PNKP	False	False	True	-0.5745207782238277	-0.7953605691064491	3	-0.0004959313596314	0.997529886391289	False	0.0003871798486616	0.003959012575687	0.0001850235511752	0.0008083111487704	0.228901397013673	0.0043624828011523	0.0074911766937205	0.582349473188799	1.0	1.0	7.44996864199333	1.09309864508553e-52
HDAC2	False	False	True	-0.3260358443943308	-0.08295945803261359	20	0.259535358284113	0.0008361525058334	False	0.0077091866883946	0.0300419189566837	0.0252156524355712	0.0228594839448419	1.10307181458753	0.0785475409063233	0.0584691787469431	1.34340078977815	0.005	0.0	inf	7.53269574056747e-06
WWP1	False	False	True	0.6539495972209683	0.7952458523721242	6	0.50406450695489	1.93142030130328e-07	False	0.0007056982378638	0.0062878435025617	0.0002750131935625	0.0004284102693798	0.641938845118344	0.0138359718112756	0.0145057314723362	0.953827929164564	1.0	0.902	28.0264430699147	4.61744494700567e-69
GTF2H1	False	False	True	0.13741847562232296	0.8975496760907314	4	-1.11450266999744	7.056055044377951e-25	False	0.00016230018132	0.0046576618537494	0.0003624197772937	0.0005730386186817	0.632452622700048	0.0063077774816614	0.0084013123545473	0.750808589832669	0.984	1.0	6.54465023500071	7.96333226553902e-48
PSEN1	False	False	True	-0.320870567165307	0.86834352907805	3	-1.29232112903576	1.42434688421372e-54	False	0.0005799844185379	0.0051234280391243	0.0001947983977987	0.000509706106517	0.382177877227885	0.0089459647088654	0.011342668806727	0.788700160544213	1.0	1.0	3.42610897006727	8.10603784683739e-22
PSMC5	False	False	True	-0.105450435627609	-0.6283088225083988	5	0.968843935807691	4.01450419215743e-32	False	0.0011281906106863	0.0128085700978109	0.0015727981472559	0.002377456804508	0.661546466069813	0.014699023228304	0.0157631753873107	0.932491256814707	1.0	0.966	inf	3.9082345630179503e-53
CSNK2A1	False	False	True	0.49765117124976477	-0.3889232556610557	9	-0.336224781270551	2.02063849522777e-06	False	0.0238853696478738	0.0486725663716814	0.0032870258665406	0.0035708950766953	0.92050474627291	0.018746819896105	0.0158549034447722	1.18239886867847	0.831	0.0	6.37614364863722	6.41995785281217e-29
RNPS1	False	False	True	-0.7699196249372332	0.351187225898026	2	-0.0051564022344301	0.947064247981609	False	0.0041446134943882	0.0211923614345598	0.0001326030630054	0.0006323115741958	0.209711585896727	0.0036292974919915	0.0069084714190323	0.5253401616446	1.0	1.0	7.58841625919855	1.1877733768124e-46
AKT1	False	False	True	-0.7466117619466343	-0.09900439884468033	8	0.209610069180755	0.0042026758545547	False	0.0113435926426821	0.0319049836981835	0.0012877315000079	0.0015908898668516	0.809441009613278	0.0207279572919547	0.0180259512036925	1.14989534020866	0.871	0.009	1.10113477959665	0.515802953979139
NFKBIB	False	False	True	0.32952802243475104	0.8333340712888994	3	-1.64016279594435	1.36575577203852e-31	False	0.0007868789039409	0.0048905449464368	0.0002728332653249	0.0004698613289238	0.580667632192291	0.0143833479859338	0.0151928328110017	0.946719296188024	1.0	0.889	7.74744641500971	9.33682550442997e-48
JUNB	False	False	True	-0.05019088478942592	0.9839363319593588	6	-2.09178732845927	2.5118998110314602e-87	False	0.00062490996406	0.0060549604098742	0.00039591865849	0.0005299587463597	0.747074486853181	0.0109312818483178	0.0126411568257386	0.864737460266347	0.961	0.999	19.7376385237024	1.23591429062132e-69
FOXK2	False	False	True	0.9460725272541907	-0.3492681766166721	6	-0.810549760351143	8.7594450497324e-24	False	0.0049037690869009	0.0186306474149977	0.0021102712786753	0.0025605371683859	0.824151785309027	0.0159726265424731	0.0143587541489129	1.11239640826933	0.979	0.003	4.51002920652238	4.09157275743856e-25
CTBP1	False	False	True	-0.13244497564796676	0.1918331037522396	10	1.72769068578088	3.9422793138365504e-110	False	0.0033985898827302	0.012342803912436	0.0107555694654964	0.0097115168753963	1.10750664427563	0.0367437892180376	0.0281470957868381	1.30542026418297	0.062	0.0	10.641128953137	4.97216184196475e-17
KAT5	False	False	True	0.9363095109999324	0.26471762060491766	12	0.958443941775026	7.157203753148591e-14	False	0.0060212975353292	0.0193292966930601	0.0150239572516359	0.0125965639802606	1.19270280968518	0.0473057585238809	0.0344116234457804	1.37470289939726	0.0	0.0	inf	7.947512052547709e-16
ATP5O	False	False	True	-0.7918618616801856	-0.5270089445853564	3	-3.48489409783116	2.61125133966218e-69	False	0.0005370492791986	0.0044247787610619	0.0003941689472992	0.0012225816163319	0.322407062263724	0.0043641016752992	0.0070884673852812	0.615662235303641	1.0	1.0	10.5097657097251	2.42735979299516e-71
SDCBP	False	False	True	-0.11923386174515868	0.9854019245092027	2	0.426997599510799	1.63942767429407e-05	False	0.0038801806644862	0.0144387517466232	0.0002772004705154	0.0006099282294616	0.454480473481555	0.0069864657375362	0.0091457844846512	0.763900106028206	1.0	1.0	8.74480815472198	4.43041310912462e-60
MAPK10	False	False	True	0.7089154488107099	-0.5147871152405372	4	-1.41465877602191	0.0071729961348239	False	0.0003223403287201	0.0053563111318118	0.0001136870270953	0.0002737598150654	0.415280186641501	0.0072061059569741	0.008962651099285	0.804015003724621	1.0	0.995	3.2386599537365	4.61991677538849e-16
SRRM2	False	False	True	-0.7270100772483672	0.6821543689344998	2	-0.118322478110589	0.0306101838384093	False	0.001082165149503	0.0100139729855612	0.0022761389792284	0.0063787614321005	0.356830868101437	0.0054170870440574	0.0083489972151459	0.64883086009782	1.0	1.0	5.84566673021642	2.59785191679938e-39
TCEA2	False	False	True	0.9084014797963279	0.4664635785592661	2	1.89537860951884	2.9451952794981e-45	False	0.0007159055161294	0.0037261294829995	0.0005294444845387	0.0013499446566128	0.392197177821482	0.0069218615941765	0.0096517717129599	0.717159688400236	1.0	1.0	4.06009035003843	3.85416976204157e-25
UBE2I	False	False	True	0.3025938371664281	-0.7430602920242334	14	0.541353485949131	7.71955154642246e-11	False	0.0122981508050461	0.0353982300884956	0.0221905344581785	0.0178371261133055	1.24406444834326	0.076384503587457	0.0550552100293713	1.38741644154489	0.0	0.0	20.0935289239103	2.9436734577149e-07
MAPK1	False	False	True	-0.40567685521019886	-0.27160404820384354	11	-0.591048335101805	3.80534375717163e-17	False	0.0052991549516726	0.0183977643223102	0.0161161086490302	0.0136002737971692	1.18498413262714	0.0279098758046924	0.0210058695791647	1.32867033661751	0.0	0.0	5.48641608064139	3.77003503297474e-20
ESR2	False	False	True	0.36271538941016496	-0.8681348772002707	4	3.10191642117498	0.0302281855584287	False	0.0001025395504111	0.003959012575687	0.0001515109455255	0.0003314703953553	0.457087413079955	0.0160839969133788	0.0158929394449128	1.01202153126728	1.0	0.339	7.20556085910877	3.40017348782466e-36
CREBBP	False	False	True	0.32788249500828676	0.21699236103940048	29	-1.47852657515799	8.12574148014725e-74	False	0.0074302139139582	0.0291103865859339	0.0326705929733561	0.0279917851956179	1.16714931702429	0.110202064485139	0.0791679113408753	1.39200419233797	0.0	0.0	inf	0.0063537254052405
RBM39	False	False	True	-0.907206750028474	-0.2367213542440734	2	0.0386608435296687	0.587830947947837	False	0.0014052987133892	0.007918025151374	0.0005073563596064	0.0012865918361796	0.394341348467563	0.0053645257737798	0.0076341899023297	0.702697449554237	1.0	1.0	3.95572822238397	8.37888440897796e-18
YAP1	False	False	True	-0.2118112444707773	0.9771899338483646	6	-1.29085836198424	4.68728755501039e-80	False	0.0009714466916317	0.0093153237074988	0.0025252993111529	0.0033207660534897	0.760456855579777	0.0166696121602747	0.0160821625614799	1.03652802268035	0.965	0.204	53.1339417874543	9.61518427146037e-59
MAD2L1BP	False	False	True	0.8199535542008767	-0.3022090924137284	2	-1.02098476661889	1.19468620420994e-10	False	0.0001427777285276	0.0025617140195621	0.0004948802591354	0.0012685545051099	0.390113516716854	0.0049649612192119	0.0075516054900045	0.657470947838	1.0	1.0	12.7748403454033	2.47754680900126e-81
BPTF	False	False	True	0.3929895391477037	0.942537424949062	2	0.349251099161966	0.0003345852450394	False	5.89456575197491e-05	0.0020959478341872	7.08178631581999e-05	0.0008037045606601	0.0881142979953163	0.003868679076676	0.0076504660267712	0.505678878010617	1.0	1.0	8.86310432507038	3.74060941717836e-61
NBN	False	False	True	-0.9694747410863291	-0.2836461516502544	2	-0.486528438071456	8.18073128352177e-07	False	0.0004925955173672	0.0067536096879366	3.93901924620323e-05	0.0002239373981193	0.175898232241845	0.0051289797594649	0.0081450108547908	0.629708155201312	1.0	0.999	2.81448811136671	3.46852732030007e-06
UBA52	False	False	True	0.5618221607602345	-0.440575099478748	7	0.801805943562977	3.28470236746814e-39	False	0.004887844788234	0.02026082906381	0.0020302786559166	0.0016241834405738	1.25003038770019	0.0249741374362541	0.01891235323471	1.32051982777156	0.0	0.0	61.511731901722	2.05921588176294e-39
MAPK3	False	False	True	0.8251438028181324	-0.4714366698822074	7	0.60541244402643	1.57152167263984e-07	False	0.0035495655355407	0.0149045179319981	0.0077210831651261	0.0062142458933394	1.24248111478848	0.0232683636914951	0.019432967666353	1.19736543028283	0.001	0.0	2.04735141727187	5.49549661378636e-08
PHF1	False	False	True	-0.37263313209125143	-0.870872184282046	2	0.153018103146032	0.330004343144413	False	0.0002821840729868	0.0037261294829995	0.0005873655959608	0.0012473122642096	0.470905011371023	0.005333151443852	0.0080490659904018	0.662580161500931	1.0	1.0	3.55337349589154	5.65691099091236e-13
TPI1	False	False	True	-0.823822168353357	0.26966567014169446	3	0.347245266315753	2.23511191390405e-08	False	0.0001052782375828	0.0023288309268747	5.97464033579557e-05	0.0002796099257006	0.213677691191587	0.0056260221701166	0.0092960041940528	0.605208652306316	1.0	1.0	10.299213632814	3.70887108736594e-69
SNCA	False	False	True	0.7715983779643265	0.6541539278489334	2	-3.36487398585728	0.0009804883539961	False	0.0037196759999276	0.0139729855612483	9.46047474977447e-05	0.0004547345239804	0.208043908057922	0.0054741218135886	0.0087997843770223	0.62207453944922	1.0	1.0	3.47482423705838	9.70318159362845e-16
TRRAP	False	False	True	-0.8824392662716617	0.40912171774439837	5	-0.67633033875942	2.6959646012084904e-15	False	0.0016897189847725	0.0100139729855612	0.0003259088113618	0.0005376118492814	0.606215826153001	0.0111725739402627	0.0113319484473922	0.985935824905183	1.0	0.633	7.62666040262223	2.40613347605812e-48
AURKA	False	False	True	0.9493749848401926	-0.19138361850507912	6	-1.9878293807261	4.9601984832674404e-65	False	0.0003527932212748	0.0044247787610619	0.003372864359512	0.002849042145165	1.18385906127642	0.0278663087910284	0.0215505359147525	1.29306801934111	0.015	0.0	15.7985539426208	2.4419585520901e-26
XPO1	False	False	True	-0.6224106223200877	-0.029388301873772525	5	-1.17374503352712	1.46512044130184e-74	False	0.0030877196271084	0.011877037727061	0.0003590108753061	0.0005634813903271	0.637129959336754	0.0132857517970154	0.012870583966915	1.03225710901445	1.0	0.213	5.76010681394166	3.62030373065274e-36
OTUB1	False	False	True	0.879927266753219	-0.14277076260290564	4	0.0650165048946548	0.536900161346255	False	0.0069399823583443	0.0195621797857476	0.0015116288596203	0.0023423222493533	0.645354779871849	0.0069698156811708	0.0088858096955754	0.78437597922465	0.996	1.0	23.8377737913818	4.0578022693969304e-91
KDM5C	False	False	True	-0.41996221356284913	-0.8165568410682754	2	-0.335723770084276	2.22535137621698e-05	False	0.0004220537543317	0.0048905449464368	0.0003347629292857	0.0005528250229838	0.605549523570584	0.0125653890342182	0.0137219690650804	0.915713260584044	1.0	0.988	8.35308300313297	3.12300914305596e-40
KAT2B	False	False	True	0.18095878367145515	-0.3534706797655521	17	0.77989922154428	4.45247752485238e-05	False	0.0025621468669761	0.0144387517466232	0.0099209155415903	0.0090751950003857	1.09319034369715	0.0555938562760544	0.0412962611969548	1.34622008541911	0.017	0.0	inf	3.83072303862557e-12
ATAD2	False	False	True	-0.5018096613521746	-0.7453055091431707	5	-1.88201679625447	5.8160480790485306e-120	False	4.39001331783178e-05	0.0018630647414997	0.0002021415195058	0.0005194109152837	0.389174569801688	0.0076346199759797	0.0114966389991508	0.66407408082864	1.0	1.0	9.54823609725752	1.72541690242051e-65
HMGA1	False	False	True	-0.4671911172151856	-0.6982344415154991	5	-1.57071891492196	4.65235572724233e-125	False	0.0017382133709464	0.011877037727061	0.0031473553771916	0.0039188649875187	0.803129321172256	0.0267619151105926	0.0227945998289238	1.17404627900661	0.986	0.0	inf	5.75122593345216e-28
CEBPB	False	False	True	0.581640142965329	0.3445041705698611	11	-1.24764079331658	9.42804687986243e-41	False	0.0002252441005197	0.0065207265952491	0.0025967165436971	0.0027964368434031	0.928580436144263	0.0368075481155105	0.0283545598107753	1.29811742312864	0.871	0.0	67.5289191783258	3.8074225565888e-24
TRIM26	False	False	True	-0.8777752772592786	-0.42699812400552295	3	-0.367149088523957	5.5570271465999e-05	False	0.0006499621722577	0.0044247787610619	0.0001518242054451	0.0005335478901251	0.284555910078787	0.0049375231975757	0.0081266106922022	0.607574717749609	1.0	1.0	3.04570319809539	6.6226018579124206e-09
MDM4	False	False	True	0.5928009310472927	-0.7574145269918965	4	0.921618931196742	1.1172848190585799e-11	False	0.000749195107768	0.0046576618537494	4.69118873868038e-05	0.0001607178664067	0.291889684922072	0.0065260223110795	0.0089360876577416	0.730299719634676	1.0	1.0	6.27090925192246	3.50039493454737e-45
PIAS1	False	False	True	0.4859655469783125	0.4892686325777204	9	-1.1142071456845	4.61603218334455e-12	False	0.0017029410395588	0.0111783884489986	0.0081164797941339	0.0062470751991837	1.29924477220868	0.0379525411172444	0.0269218406901315	1.40973054383894	0.0	0.0	11.2391962214246	2.5266614527156497e-18
DDX3X	False	False	True	0.7730010806528809	-0.5508574814423083	3	0.134577567956302	0.0525505536955614	False	0.0003965067862158	0.0062878435025617	0.000315621175471	0.0005777517196401	0.546292057196525	0.0106069945006062	0.0126761155633632	0.836770101028651	1.0	1.0	19.3981263478598	1.7318286875681703e-61
NCOR1	False	False	True	-0.2720857098333936	-0.3020175868831904	14	-0.370323041491951	2.40001047883083e-07	False	0.0026968289175194	0.0167675826734979	0.0049927558954175	0.0053570504109717	0.93199718359788	0.0478797265569981	0.0354515585130632	1.35056760732692	0.833	0.0	inf	3.5900438880528e-14
HUWE1	False	False	True	0.7603660406942416	-0.704682190474589	4	-0.931472004280521	2.9120919373941203e-44	False	0.0030665068908828	0.0093153237074988	0.0007815841222563	0.0009130793639876	0.855987062113604	0.0121951323271659	0.0116044509700978	1.05090127560452	0.932	0.053	24.5458462467918	1.90145999357805e-65
SUMO1	False	False	True	0.06232266451684614	-0.38102228868137317	10	-0.377285309516264	0.0001117207750559	False	0.0027211964478883	0.016301816488123	0.0088962296329554	0.0083448338156284	1.0660763089487	0.0468083475296511	0.0349280083388613	1.34013789379372	0.205	0.0	1.19677951877653	0.192745712038634
BCL11B	False	False	True	-0.8588546614964433	0.14634406226730276	3	0.386076938969519	0.278451027491232	False	9.05138629937695e-05	0.0027945971122496	0.0038390620784616	0.0064128870392003	0.598648012197065	0.0105821186919139	0.012855871699887	0.823135057578937	1.0	1.0	31.3764520998715	1.54776067847227e-56
NOTCH1	False	False	True	0.6053272572820964	-0.6406440694024881	6	-1.16109058538286	3.90524100740226e-33	False	0.0080280598858332	0.0267815556590592	0.0009533595011151	0.0015377667725184	0.619963649984328	0.0179157436584296	0.016301443927077	1.09902802098845	1.0	0.007	2.57189196030768	2.38852786600856e-13
RING1	False	False	True	-0.7690469790856216	-0.27877055850857085	5	-0.16153173970779	0.123060006948792	False	0.00076028225952	0.0086166744294364	0.000183845635887	0.0004688797268594	0.392095510544866	0.0108132870174387	0.0131226515579288	0.824016927501608	1.0	1.0	8.84437444377437	1.34136501247539e-46
BAG5	False	False	True	0.36367341338429143	-0.7853189761080815	2	-0.241600749006685	0.0148522517810782	False	0.0001979705980093	0.0032603632976245	0.0004946625927514	0.0011865965565924	0.416875129127247	0.004837830883923	0.0074635064394519	0.648198125528546	1.0	1.0	4.29669178654752	2.9287982303111702e-15
PML	False	False	True	-0.04506775746267231	0.20078877291466485	14	-2.18992362608411	1.03650737112858e-89	False	0.0080007858007285	0.0225896599906847	0.0078958645340371	0.007434742206758	1.06202263837204	0.0467563993811061	0.0340347462678318	1.37378427954664	0.137	0.0	inf	6.11121044898463e-14
CDKN1B	False	False	True	0.8769116638344254	-0.4642510334468222	2	0.831115977150228	2.2713883223416997e-19	False	0.0018546681024258	0.0116441546343735	0.0011404456034123	0.0013726157838704	0.830855667560952	0.0117358376367002	0.011421149564506	1.02755309966102	0.81	0.288	2.9395969897067	3.25379383418404e-16
SIRT1	False	False	True	-0.585434175657906	0.45761481088237643	10	-0.0766530439094086	0.589923221706388	False	0.0061715877410221	0.0225896599906847	0.004203543836425	0.003739915448385	1.12396761221973	0.0291439218136684	0.0220680894334673	1.32063638320543	0.076	0.0	4.8158441776016	1.70610704509298e-21
DROSHA	False	False	True	0.07814269161314616	-0.9442702769634022	4	-0.314085479989746	0.0010487563782369	False	0.0001638759369963	0.003493246390312	7.84538425563882e-05	0.0004346718985302	0.180489796606739	0.0051201955593289	0.0103317047867353	0.495580900250135	1.0	1.0	9.70080375350202	1.84305057751588e-67
MAPK9	False	False	True	0.5030283991655714	-0.8379485484549418	9	-0.285276964945664	0.0068741391261184	False	0.0012932442465678	0.0086166744294364	0.0006917773937631	0.0009377217479595	0.737721392586341	0.0160489089661631	0.015071890380266	1.06482389144605	0.998	0.132	1.90431344917532	6.63350084885922e-07
PGR	False	False	True	0.3817101678314767	-0.841843147107004	5	5.80963764271917	0.0064872027649124	False	0.0005531511552005	0.0041918956683744	0.0160851839978234	0.0141808224466067	1.13429133312874	0.0232670283012873	0.0189278129368571	1.22925075278933	0.0	0.0	inf	1.96764621981892e-37
INTS3	False	False	True	0.500959738074213	0.7052029933975899	2	1.44035703229401	4.0157246938084606e-61	False	0.0001589498528371	0.0023288309268747	0.0001881232737258	0.0009301882772349	0.2022421463804	0.0039697501544861	0.0071117072068986	0.558199323874768	1.0	1.0	9.03723572937476	2.76770586891989e-61
CARM1	False	False	True	0.8193495665610839	0.5332229439369943	3	0.0404971968830892	0.717598343654515	False	1.74409506042539e-05	0.0030274802049371	7.24752499549025e-05	0.0001652692052952	0.438528459221668	0.0085560628544319	0.0098322975827878	0.870199745521329	1.0	0.995	4.37209643700105	1.0877862974872399e-30
FOSL2	False	False	True	-0.9483183698095349	0.20535537898862738	3	-3.0226820248758	1.8258994682084e-290	False	0.0003723835522587	0.0044247787610619	8.66847210099893e-05	0.0002043640095442	0.424168233943409	0.0071455280435426	0.0102780329188649	0.695223307801181	1.0	1.0	11.1687000105178	3.30934565999698e-72
CEBPG	False	False	True	0.900129219125485	-0.3850721710801913	3	-0.799638377875635	7.43142461235931e-28	False	7.91143879283136e-06	0.0018630647414997	7.70342724999566e-05	0.0002051328920706	0.375533497930748	0.00797043893788	0.0102751245376274	0.775702416909146	1.0	1.0	14.5220759873382	7.20483470276978e-77
NCOR2	False	False	True	-0.05473110497885041	-0.18067402714813866	21	0.571475425858465	1.41773060836332e-19	False	0.0017252291936626	0.0132743362831858	0.0185047528459226	0.0155446543361349	1.19042549585079	0.0681010136613591	0.0473872009322854	1.43711830033331	0.0	0.0	inf	7.24744109096944e-08
CHD8	False	False	True	0.8042670828540333	-0.0009382408311860616	5	-0.362787137601564	6.17913661462575e-05	False	0.000267367771385	0.0041918956683744	0.0025757063567861	0.0029735299452464	0.866211675757178	0.0127425337585219	0.0127115119198901	1.00244045231026	0.85	0.445	5.05469476308372	1.49476113082752e-30
ZBTB17	False	False	True	0.007927384392929332	1.0	4	-0.934624882844791	5.72398477618772e-07	False	0.0002245513950023	0.0030274802049371	0.0008316794791366	0.0011275560495857	0.737594800224944	0.0126027254594747	0.0119203987669842	1.05724025729578	0.992	0.05	58.6188626488219	3.0078829578319303e-74
MEF2D	False	False	True	0.970021292701865	0.14172355390926641	3	0.500004162655206	3.04575796645284e-06	False	9.65148766906166e-05	0.0030274802049371	0.0001586654949901	0.0003955492710311	0.401127006444784	0.0080344716544476	0.0109254191373114	0.735392533089108	1.0	1.0	9.00580426287584	1.83233950614832e-55
POGZ	False	False	True	-0.27437764132409603	-0.9575135872357692	6	0.232697888377665	0.0214861194579868	False	0.0005714258503013	0.0048905449464368	0.0016248750604972	0.0036600072591581	0.443954054034041	0.0202402944688634	0.0181614323877447	1.11446575560425	1.0	0.001	64.3878261582908	5.36305591370502e-41
CTNNB1	False	False	True	0.7793175247600699	0.15676499202793137	13	-0.468896151312309	1.7860692840245302e-14	False	0.0131809401522386	0.0353982300884956	0.0105475033672018	0.0090579415926647	1.16444815406443	0.0438806215124745	0.0325512668960511	1.34804650315462	0.003	0.0	inf	2.95866827409149e-16
BAP1	False	False	True	0.7235035128489651	0.7277894653220052	4	0.024831373847778	0.804430844579437	False	0.0004868436215411	0.0060549604098742	0.0001134954079176	0.0003467118243727	0.327347958561858	0.0082833825680509	0.010946742873273	0.75669837722006	1.0	1.0	13.32611952107	3.81620618800235e-70
PHB	False	False	True	-0.9437595520727287	0.12585454855959982	4	0.863416968919901	8.63854390842194e-30	False	0.0008086975712829	0.0069864927806241	0.0001056166110364	0.000262891635048	0.40174960689454	0.0068971557549743	0.0085357384785934	0.808032693629445	1.0	1.0	5.59740004064169	6.07067132024596e-41
NFYC	False	False	True	0.2593480819473845	0.9182023163151474	4	-0.217629731396474	0.0920251590777719	False	0.0003883742937914	0.003493246390312	0.0004732499423883	0.0008530901515443	0.554747867539723	0.0109886216539852	0.0131886539549983	0.833187502794454	1.0	1.0	10.7603302631344	9.46318785905698e-54
STAT1	False	False	True	0.16831496407168922	0.9509118643233746	6	-4.62037343801228	3.18474888731901e-209	False	0.0027112710926294	0.0128085700978109	0.0019323928996264	0.0020731288571722	0.932114225770885	0.0218332175966043	0.0193521985646609	1.12820347123112	0.64	0.003	2.05064833041635	2.04834745659028e-08
MBD2	False	False	True	0.47654802758791476	-0.7676050532647111	2	-1.98456440993544	5.87407545905927e-91	False	0.0001386113279669	0.0044247787610619	0.0020940395062962	0.0054062072660058	0.387339849040476	0.0045149712243042	0.0072229311516335	0.625088503478694	1.0	1.0	7.22724533137928	2.0338475581412402e-44
PARP1	False	False	True	-0.25105589209458057	0.3721202693078406	16	1.23681944152871	4.00780403560358e-80	False	0.0043746073448282	0.019795062878435	0.006987272442733	0.0065759034832639	1.06255702513213	0.0577784007793774	0.0419193720625432	1.37832219178218	0.118	0.0	inf	2.2645512706184902e-10
CCND1	False	False	True	-0.0861779498312191	0.9075431029658937	4	0.99259843963897	1.40184763613529e-47	False	0.0013121396571862	0.0107126222636237	0.0005984344631889	0.0015395393223772	0.388710086511368	0.0099110117959575	0.0101898094692062	0.972639559739448	1.0	0.729	7.93798436172949	2.2346200553208197e-49
LATS2	False	False	True	0.6268280659240448	-0.646178847256289	2	-1.95593798791576	3.7250623294797403e-35	False	0.0003156470467498	0.0055891942244993	3.33796712355545e-05	0.0001202530978625	0.277578472645315	0.0050740043086529	0.0076988267280534	0.65906202177067	0.998	0.994	2.07485121429313	0.0041751248978722
NPM1	False	False	True	0.8248132833834743	-0.5360476645058556	5	0.746074312852762	1.9259122991752e-34	False	0.0130915021023012	0.0344666977177457	0.0048383047176155	0.0050084086504547	0.966036331156044	0.0338619151442088	0.0285309881172922	1.18684691203126	0.68	0.0	inf	3.3730694419614197e-22
CCNG1	False	False	True	0.32733750836308856	-0.9504696904633457	3	1.97442613945503	8.110338310441011e-120	False	8.94944865270744e-05	0.0023288309268747	0.0002214062217586	0.0006097802741791	0.363091807219706	0.004907869760419	0.0084182319883984	0.583004812314839	1.0	1.0	7.44467762772026	4.27278677988529e-53
APPBP2	False	False	True	0.2605338980146077	-0.9282270081498689	3	0.545003299247486	3.61204486636261e-07	False	0.0012283828750563	0.0058220773171867	0.0009493967973616	0.0038953118120322	0.243728061622455	0.0055156935664019	0.009211070613165	0.598811343224165	1.0	1.0	10.4599991833253	1.6269703866996e-70
BANP	False	False	True	-0.20331699344047488	-0.7025356752454888	7	1.03147931128972	4.54094624310695e-10	False	0.0022799162916786	0.0097810898928737	0.0089114911911737	0.008591510489051	1.03724382371767	0.0223151762384257	0.0189425913183169	1.17804242637319	0.252	0.0	inf	2.3051404950736996e-41
NFIA	False	False	True	0.281559753855115	-0.86950839933092	3	0.998049400634477	1.5762301134787202e-19	False	2.1416972266743e-05	0.0009315323707498	0.0009492798482943	0.0015022782558304	0.63189348884609	0.0089192087797656	0.0106927622717995	0.834135142355941	1.0	1.0	3.35837731764805	3.29052702238091e-21
CLU	False	False	True	-0.9528571624085649	-0.3260671874134474	2	0.514549903670555	0.0023546450849593	False	0.0007221492152159	0.0051234280391243	0.0016434388859873	0.004728266356675	0.347577475974311	0.0056036008470151	0.0080832245958489	0.693238296247866	1.0	1.0	9.6156924620006	1.39069433539214e-66
CTR9	False	False	True	0.8227124498905	0.47968172465976755	3	0.381781941838704	5.37390325242675e-05	False	0.0026839584573445	0.0100139729855612	0.0052705498190709	0.0063711889236665	0.827247454473187	0.0095248858366466	0.0102912782599972	0.925529909503126	0.946	0.918	4.84456108342134	1.4324638785861898e-34
NFYA	False	False	True	-0.9818796519485441	0.019378872900615553	4	-0.0915135849268477	0.47203848786843	False	0.0003307304677496	0.0041918956683744	0.0003526055462522	0.0006346445904825	0.555595291506574	0.0128463313018837	0.0139492590321839	0.920932880538278	1.0	0.967	4.65228232099817	7.12068994913517e-29
TCF7L2	False	False	True	0.01400696685042907	-0.9888057424723581	2	-1.66318182589027	1.90410966467924e-12	False	0.0003231264685729	0.0053563111318118	4.77509007897743e-05	0.0002444729999314	0.195321777059924	0.0045033670142238	0.0074435265135076	0.605004497001747	1.0	1.0	3.86210840663959	7.37619175244047e-14
HIF1A	False	False	True	-0.17361727784019731	-0.9742575308823657	6	-2.80152827356753	0.0	False	0.0038770696754575	0.0167675826734979	0.0195475788298003	0.0157868100679602	1.23822220864447	0.0336535516790989	0.0266857328856769	1.2611065179762	0.0	0.0	4.29692816985852	1.4048415964770498e-11
RFWD2	False	False	True	0.4107157627848763	0.21136857018698596	8	-0.800344061160652	1.14888910924562e-09	False	0.0010893745664862	0.0067536096879366	0.0022992407820189	0.0029117652323778	0.789638105590412	0.0189235975036099	0.0183674378447096	1.03027965378745	0.966	0.294	1.89362982970907	6.93433354001862e-07
PPARG	False	False	True	0.9536285904681467	-0.04020200584472566	10	-1.40165572190257	4.78642753115274e-07	False	0.0003631448695647	0.0081509082440614	0.0037927139728832	0.0041622810852139	0.911210438515666	0.0554249850199701	0.0406145006738264	1.36466001306002	0.978	0.0	14.9873724001954	6.1674880545879e-14
POU2F1	False	False	True	-0.3104274900934832	0.41406420283093404	6	-0.0730220925286118	0.627787826626805	False	0.0007839568830196	0.0048905449464368	0.0055931124624017	0.0077843693431337	0.718505535369437	0.0234447191131998	0.0194115016014197	1.20777462736243	1.0	0.0	101.851713909127	8.59165603291685e-35
XIAP	False	False	True	-0.8341848452104812	-0.4492903170515792	2	0.350646752473675	5.50154509917691e-05	False	0.0023488998119507	0.0146716348393107	3.26765157764401e-05	0.0002510470704855	0.130160912506329	0.0040005937361147	0.0074566291394303	0.536515047390487	1.0	1.0	6.26830238992363	2.22433646101754e-35
